/Users/carterbooth/Library/Python/3.9/lib/python/site-packages/urllib3/__init__.py:35: NotOpenSSLWarning: urllib3 v2 only supports OpenSSL 1.1.1+, currently the 'ssl' module is compiled with 'LibreSSL 2.8.3'. See: https://github.com/urllib3/urllib3/issues/3020
  warnings.warn(
[2026-03-24T12:37:28.916670] ============================================================
[2026-03-24T12:37:28.917107] 🎯 Halo Pressure Washing - Selenium Lead Scraper
[2026-03-24T12:37:28.917206] ============================================================
[2026-03-24T12:37:28.917297] Setting up Chrome driver...
[2026-03-24T12:37:43.583232] ✅ Chrome driver ready
[2026-03-24T12:37:43.583734] 🚀 Starting scrape for property-managers
[2026-03-24T12:37:43.584167] Searching: property management companies in Raleigh, NC
[2026-03-24T12:38:06.343329] Found 30 business listings
[2026-03-24T12:38:10.125184] ✓ Extracted: MoveZen Property Management Raleigh Metro, Wake County, Johnston County (info@movezen360.com)
[2026-03-24T12:38:11.641523] Error processing business 1: Message: stale element reference: stale element not found in the current frame
  (Session info: chrome=146.0.7680.165); For documentation on this error, please visit: https://www.selenium.dev/documentation/webdriver/troubleshooting/errors#staleelementreferenceexception
Stacktrace:
0   chromedriver                        0x000000010354b99c cxxbridge1$str$ptr + 3160104
1   chromedriver                        0x0000000103543a28 cxxbridge1$str$ptr + 3127476
2   chromedriver                        0x0000000103017904 _RNvCskE0kXQ3GIWk_7___rustc35___rust_no_alloc_shim_is_unstable_v2 + 75036
3   chromedriver                        0x000000010301db34 _RNvCskE0kXQ3GIWk_7___rustc35___rust_no_alloc_shim_is_unstable_v2 + 100172
4   chromedriver                        0x000000010302006c _RNvCskE0kXQ3GIWk_7___rustc35___rust_no_alloc_shim_is_unstable_v2 + 109700
5   chromedriver                        0x000000010309f470 _RNvCskE0kXQ3GIWk_7___rustc35___rust_no_alloc_shim_is_unstable_v2 + 630920
6   chromedriver                        0x000000010309e4d4 _RNvCskE0kXQ3GIWk_7___rustc35___rust_no_alloc_shim_is_unstable_v2 + 626924
7   chromedriver                        0x00000001030551a0 _RNvCskE0kXQ3GIWk_7___rustc35___rust_no_alloc_shim_is_unstable_v2 + 327096
8   chromedriver                        0x000000010350a220 cxxbridge1$str$ptr + 2891948
9   chromedriver                        0x000000010350d910 cxxbridge1$str$ptr + 2906012
10  chromedriver                        0x00000001034ef5d8 cxxbridge1$str$ptr + 2782308
11  chromedriver                        0x000000010350e194 cxxbridge1$str$ptr + 2908192
12  chromedriver                        0x00000001034e0090 cxxbridge1$str$ptr + 2719516
13  chromedriver                        0x0000000103532b30 cxxbridge1$str$ptr + 3058108
14  chromedriver                        0x0000000103532cac cxxbridge1$str$ptr + 3058488
15  chromedriver                        0x0000000103543680 cxxbridge1$str$ptr + 3126540
16  libsystem_pthread.dylib             0x0000000189ac3c08 _pthread_start + 136
17  libsystem_pthread.dylib             0x0000000189abeba8 thread_start + 8

[2026-03-24T12:38:11.647047] Error processing business 2: Message: stale element reference: stale element not found in the current frame
  (Session info: chrome=146.0.7680.165); For documentation on this error, please visit: https://www.selenium.dev/documentation/webdriver/troubleshooting/errors#staleelementreferenceexception
Stacktrace:
0   chromedriver                        0x000000010354b99c cxxbridge1$str$ptr + 3160104
1   chromedriver                        0x0000000103543a28 cxxbridge1$str$ptr + 3127476
2   chromedriver                        0x0000000103017904 _RNvCskE0kXQ3GIWk_7___rustc35___rust_no_alloc_shim_is_unstable_v2 + 75036
3   chromedriver                        0x000000010301db34 _RNvCskE0kXQ3GIWk_7___rustc35___rust_no_alloc_shim_is_unstable_v2 + 100172
4   chromedriver                        0x000000010302006c _RNvCskE0kXQ3GIWk_7___rustc35___rust_no_alloc_shim_is_unstable_v2 + 109700
5   chromedriver                        0x000000010309f470 _RNvCskE0kXQ3GIWk_7___rustc35___rust_no_alloc_shim_is_unstable_v2 + 630920
6   chromedriver                        0x000000010309e4d4 _RNvCskE0kXQ3GIWk_7___rustc35___rust_no_alloc_shim_is_unstable_v2 + 626924
7   chromedriver                        0x00000001030551a0 _RNvCskE0kXQ3GIWk_7___rustc35___rust_no_alloc_shim_is_unstable_v2 + 327096
8   chromedriver                        0x000000010350a220 cxxbridge1$str$ptr + 2891948
9   chromedriver                        0x000000010350d910 cxxbridge1$str$ptr + 2906012
10  chromedriver                        0x00000001034ef5d8 cxxbridge1$str$ptr + 2782308
11  chromedriver                        0x000000010350e194 cxxbridge1$str$ptr + 2908192
12  chromedriver                        0x00000001034e0090 cxxbridge1$str$ptr + 2719516
13  chromedriver                        0x0000000103532b30 cxxbridge1$str$ptr + 3058108
14  chromedriver                        0x0000000103532cac cxxbridge1$str$ptr + 3058488
15  chromedriver                        0x0000000103543680 cxxbridge1$str$ptr + 3126540
16  libsystem_pthread.dylib             0x0000000189ac3c08 _pthread_start + 136
17  libsystem_pthread.dylib             0x0000000189abeba8 thread_start + 8

[2026-03-24T12:38:11.650757] Error processing business 3: Message: stale element reference: stale element not found in the current frame
  (Session info: chrome=146.0.7680.165); For documentation on this error, please visit: https://www.selenium.dev/documentation/webdriver/troubleshooting/errors#staleelementreferenceexception
Stacktrace:
0   chromedriver                        0x000000010354b99c cxxbridge1$str$ptr + 3160104
1   chromedriver                        0x0000000103543a28 cxxbridge1$str$ptr + 3127476
2   chromedriver                        0x0000000103017904 _RNvCskE0kXQ3GIWk_7___rustc35___rust_no_alloc_shim_is_unstable_v2 + 75036
3   chromedriver                        0x000000010301db34 _RNvCskE0kXQ3GIWk_7___rustc35___rust_no_alloc_shim_is_unstable_v2 + 100172
4   chromedriver                        0x000000010302006c _RNvCskE0kXQ3GIWk_7___rustc35___rust_no_alloc_shim_is_unstable_v2 + 109700
5   chromedriver                        0x000000010309f470 _RNvCskE0kXQ3GIWk_7___rustc35___rust_no_alloc_shim_is_unstable_v2 + 630920
6   chromedriver                        0x000000010309e4d4 _RNvCskE0kXQ3GIWk_7___rustc35___rust_no_alloc_shim_is_unstable_v2 + 626924
7   chromedriver                        0x00000001030551a0 _RNvCskE0kXQ3GIWk_7___rustc35___rust_no_alloc_shim_is_unstable_v2 + 327096
8   chromedriver                        0x000000010350a220 cxxbridge1$str$ptr + 2891948
9   chromedriver                        0x000000010350d910 cxxbridge1$str$ptr + 2906012
10  chromedriver                        0x00000001034ef5d8 cxxbridge1$str$ptr + 2782308
11  chromedriver                        0x000000010350e194 cxxbridge1$str$ptr + 2908192
12  chromedriver                        0x00000001034e0090 cxxbridge1$str$ptr + 2719516
13  chromedriver                        0x0000000103532b30 cxxbridge1$str$ptr + 3058108
14  chromedriver                        0x0000000103532cac cxxbridge1$str$ptr + 3058488
15  chromedriver                        0x0000000103543680 cxxbridge1$str$ptr + 3126540
16  libsystem_pthread.dylib             0x0000000189ac3c08 _pthread_start + 136
17  libsystem_pthread.dylib             0x0000000189abeba8 thread_start + 8

[2026-03-24T12:38:11.653845] Error processing business 4: Message: stale element reference: stale element not found in the current frame
  (Session info: chrome=146.0.7680.165); For documentation on this error, please visit: https://www.selenium.dev/documentation/webdriver/troubleshooting/errors#staleelementreferenceexception
Stacktrace:
0   chromedriver                        0x000000010354b99c cxxbridge1$str$ptr + 3160104
1   chromedriver                        0x0000000103543a28 cxxbridge1$str$ptr + 3127476
2   chromedriver                        0x0000000103017904 _RNvCskE0kXQ3GIWk_7___rustc35___rust_no_alloc_shim_is_unstable_v2 + 75036
3   chromedriver                        0x000000010301db34 _RNvCskE0kXQ3GIWk_7___rustc35___rust_no_alloc_shim_is_unstable_v2 + 100172
4   chromedriver                        0x000000010302006c _RNvCskE0kXQ3GIWk_7___rustc35___rust_no_alloc_shim_is_unstable_v2 + 109700
5   chromedriver                        0x000000010309f470 _RNvCskE0kXQ3GIWk_7___rustc35___rust_no_alloc_shim_is_unstable_v2 + 630920
6   chromedriver                        0x000000010309e4d4 _RNvCskE0kXQ3GIWk_7___rustc35___rust_no_alloc_shim_is_unstable_v2 + 626924
7   chromedriver                        0x00000001030551a0 _RNvCskE0kXQ3GIWk_7___rustc35___rust_no_alloc_shim_is_unstable_v2 + 327096
8   chromedriver                        0x000000010350a220 cxxbridge1$str$ptr + 2891948
9   chromedriver                        0x000000010350d910 cxxbridge1$str$ptr + 2906012
10  chromedriver                        0x00000001034ef5d8 cxxbridge1$str$ptr + 2782308
11  chromedriver                        0x000000010350e194 cxxbridge1$str$ptr + 2908192
12  chromedriver                        0x00000001034e0090 cxxbridge1$str$ptr + 2719516
13  chromedriver                        0x0000000103532b30 cxxbridge1$str$ptr + 3058108
14  chromedriver                        0x0000000103532cac cxxbridge1$str$ptr + 3058488
15  chromedriver                        0x0000000103543680 cxxbridge1$str$ptr + 3126540
16  libsystem_pthread.dylib             0x0000000189ac3c08 _pthread_start + 136
17  libsystem_pthread.dylib             0x0000000189abeba8 thread_start + 8

[2026-03-24T12:38:11.657563] Error processing business 5: Message: stale element reference: stale element not found in the current frame
  (Session info: chrome=146.0.7680.165); For documentation on this error, please visit: https://www.selenium.dev/documentation/webdriver/troubleshooting/errors#staleelementreferenceexception
Stacktrace:
0   chromedriver                        0x000000010354b99c cxxbridge1$str$ptr + 3160104
1   chromedriver                        0x0000000103543a28 cxxbridge1$str$ptr + 3127476
2   chromedriver                        0x0000000103017904 _RNvCskE0kXQ3GIWk_7___rustc35___rust_no_alloc_shim_is_unstable_v2 + 75036
3   chromedriver                        0x000000010301db34 _RNvCskE0kXQ3GIWk_7___rustc35___rust_no_alloc_shim_is_unstable_v2 + 100172
4   chromedriver                        0x000000010302006c _RNvCskE0kXQ3GIWk_7___rustc35___rust_no_alloc_shim_is_unstable_v2 + 109700
5   chromedriver                        0x000000010309f470 _RNvCskE0kXQ3GIWk_7___rustc35___rust_no_alloc_shim_is_unstable_v2 + 630920
6   chromedriver                        0x000000010309e4d4 _RNvCskE0kXQ3GIWk_7___rustc35___rust_no_alloc_shim_is_unstable_v2 + 626924
7   chromedriver                        0x00000001030551a0 _RNvCskE0kXQ3GIWk_7___rustc35___rust_no_alloc_shim_is_unstable_v2 + 327096
8   chromedriver                        0x000000010350a220 cxxbridge1$str$ptr + 2891948
9   chromedriver                        0x000000010350d910 cxxbridge1$str$ptr + 2906012
10  chromedriver                        0x00000001034ef5d8 cxxbridge1$str$ptr + 2782308
11  chromedriver                        0x000000010350e194 cxxbridge1$str$ptr + 2908192
12  chromedriver                        0x00000001034e0090 cxxbridge1$str$ptr + 2719516
13  chromedriver                        0x0000000103532b30 cxxbridge1$str$ptr + 3058108
14  chromedriver                        0x0000000103532cac cxxbridge1$str$ptr + 3058488
15  chromedriver                        0x0000000103543680 cxxbridge1$str$ptr + 3126540
16  libsystem_pthread.dylib             0x0000000189ac3c08 _pthread_start + 136
17  libsystem_pthread.dylib             0x0000000189abeba8 thread_start + 8

[2026-03-24T12:38:11.661200] Error processing business 6: Message: stale element reference: stale element not found in the current frame
  (Session info: chrome=146.0.7680.165); For documentation on this error, please visit: https://www.selenium.dev/documentation/webdriver/troubleshooting/errors#staleelementreferenceexception
Stacktrace:
0   chromedriver                        0x000000010354b99c cxxbridge1$str$ptr + 3160104
1   chromedriver                        0x0000000103543a28 cxxbridge1$str$ptr + 3127476
2   chromedriver                        0x0000000103017904 _RNvCskE0kXQ3GIWk_7___rustc35___rust_no_alloc_shim_is_unstable_v2 + 75036
3   chromedriver                        0x000000010301db34 _RNvCskE0kXQ3GIWk_7___rustc35___rust_no_alloc_shim_is_unstable_v2 + 100172
4   chromedriver                        0x000000010302006c _RNvCskE0kXQ3GIWk_7___rustc35___rust_no_alloc_shim_is_unstable_v2 + 109700
5   chromedriver                        0x000000010309f470 _RNvCskE0kXQ3GIWk_7___rustc35___rust_no_alloc_shim_is_unstable_v2 + 630920
6   chromedriver                        0x000000010309e4d4 _RNvCskE0kXQ3GIWk_7___rustc35___rust_no_alloc_shim_is_unstable_v2 + 626924
7   chromedriver                        0x00000001030551a0 _RNvCskE0kXQ3GIWk_7___rustc35___rust_no_alloc_shim_is_unstable_v2 + 327096
8   chromedriver                        0x000000010350a220 cxxbridge1$str$ptr + 2891948
9   chromedriver                        0x000000010350d910 cxxbridge1$str$ptr + 2906012
10  chromedriver                        0x00000001034ef5d8 cxxbridge1$str$ptr + 2782308
11  chromedriver                        0x000000010350e194 cxxbridge1$str$ptr + 2908192
12  chromedriver                        0x00000001034e0090 cxxbridge1$str$ptr + 2719516
13  chromedriver                        0x0000000103532b30 cxxbridge1$str$ptr + 3058108
14  chromedriver                        0x0000000103532cac cxxbridge1$str$ptr + 3058488
15  chromedriver                        0x0000000103543680 cxxbridge1$str$ptr + 3126540
16  libsystem_pthread.dylib             0x0000000189ac3c08 _pthread_start + 136
17  libsystem_pthread.dylib             0x0000000189abeba8 thread_start + 8

[2026-03-24T12:38:11.664127] Error processing business 7: Message: stale element reference: stale element not found in the current frame
  (Session info: chrome=146.0.7680.165); For documentation on this error, please visit: https://www.selenium.dev/documentation/webdriver/troubleshooting/errors#staleelementreferenceexception
Stacktrace:
0   chromedriver                        0x000000010354b99c cxxbridge1$str$ptr + 3160104
1   chromedriver                        0x0000000103543a28 cxxbridge1$str$ptr + 3127476
2   chromedriver                        0x0000000103017904 _RNvCskE0kXQ3GIWk_7___rustc35___rust_no_alloc_shim_is_unstable_v2 + 75036
3   chromedriver                        0x000000010301db34 _RNvCskE0kXQ3GIWk_7___rustc35___rust_no_alloc_shim_is_unstable_v2 + 100172
4   chromedriver                        0x000000010302006c _RNvCskE0kXQ3GIWk_7___rustc35___rust_no_alloc_shim_is_unstable_v2 + 109700
5   chromedriver                        0x000000010309f470 _RNvCskE0kXQ3GIWk_7___rustc35___rust_no_alloc_shim_is_unstable_v2 + 630920
6   chromedriver                        0x000000010309e4d4 _RNvCskE0kXQ3GIWk_7___rustc35___rust_no_alloc_shim_is_unstable_v2 + 626924
7   chromedriver                        0x00000001030551a0 _RNvCskE0kXQ3GIWk_7___rustc35___rust_no_alloc_shim_is_unstable_v2 + 327096
8   chromedriver                        0x000000010350a220 cxxbridge1$str$ptr + 2891948
9   chromedriver                        0x000000010350d910 cxxbridge1$str$ptr + 2906012
10  chromedriver                        0x00000001034ef5d8 cxxbridge1$str$ptr + 2782308
11  chromedriver                        0x000000010350e194 cxxbridge1$str$ptr + 2908192
12  chromedriver                        0x00000001034e0090 cxxbridge1$str$ptr + 2719516
13  chromedriver                        0x0000000103532b30 cxxbridge1$str$ptr + 3058108
14  chromedriver                        0x0000000103532cac cxxbridge1$str$ptr + 3058488
15  chromedriver                        0x0000000103543680 cxxbridge1$str$ptr + 3126540
16  libsystem_pthread.dylib             0x0000000189ac3c08 _pthread_start + 136
17  libsystem_pthread.dylib             0x0000000189abeba8 thread_start + 8

[2026-03-24T12:38:11.667327] Error processing business 8: Message: stale element reference: stale element not found in the current frame
  (Session info: chrome=146.0.7680.165); For documentation on this error, please visit: https://www.selenium.dev/documentation/webdriver/troubleshooting/errors#staleelementreferenceexception
Stacktrace:
0   chromedriver                        0x000000010354b99c cxxbridge1$str$ptr + 3160104
1   chromedriver                        0x0000000103543a28 cxxbridge1$str$ptr + 3127476
2   chromedriver                        0x0000000103017904 _RNvCskE0kXQ3GIWk_7___rustc35___rust_no_alloc_shim_is_unstable_v2 + 75036
3   chromedriver                        0x000000010301db34 _RNvCskE0kXQ3GIWk_7___rustc35___rust_no_alloc_shim_is_unstable_v2 + 100172
4   chromedriver                        0x000000010302006c _RNvCskE0kXQ3GIWk_7___rustc35___rust_no_alloc_shim_is_unstable_v2 + 109700
5   chromedriver                        0x000000010309f470 _RNvCskE0kXQ3GIWk_7___rustc35___rust_no_alloc_shim_is_unstable_v2 + 630920
6   chromedriver                        0x000000010309e4d4 _RNvCskE0kXQ3GIWk_7___rustc35___rust_no_alloc_shim_is_unstable_v2 + 626924
7   chromedriver                        0x00000001030551a0 _RNvCskE0kXQ3GIWk_7___rustc35___rust_no_alloc_shim_is_unstable_v2 + 327096
8   chromedriver                        0x000000010350a220 cxxbridge1$str$ptr + 2891948
9   chromedriver                        0x000000010350d910 cxxbridge1$str$ptr + 2906012
10  chromedriver                        0x00000001034ef5d8 cxxbridge1$str$ptr + 2782308
11  chromedriver                        0x000000010350e194 cxxbridge1$str$ptr + 2908192
12  chromedriver                        0x00000001034e0090 cxxbridge1$str$ptr + 2719516
13  chromedriver                        0x0000000103532b30 cxxbridge1$str$ptr + 3058108
14  chromedriver                        0x0000000103532cac cxxbridge1$str$ptr + 3058488
15  chromedriver                        0x0000000103543680 cxxbridge1$str$ptr + 3126540
16  libsystem_pthread.dylib             0x0000000189ac3c08 _pthread_start + 136
17  libsystem_pthread.dylib             0x0000000189abeba8 thread_start + 8

[2026-03-24T12:38:11.671198] Error processing business 9: Message: stale element reference: stale element not found in the current frame
  (Session info: chrome=146.0.7680.165); For documentation on this error, please visit: https://www.selenium.dev/documentation/webdriver/troubleshooting/errors#staleelementreferenceexception
Stacktrace:
0   chromedriver                        0x000000010354b99c cxxbridge1$str$ptr + 3160104
1   chromedriver                        0x0000000103543a28 cxxbridge1$str$ptr + 3127476
2   chromedriver                        0x0000000103017904 _RNvCskE0kXQ3GIWk_7___rustc35___rust_no_alloc_shim_is_unstable_v2 + 75036
3   chromedriver                        0x000000010301db34 _RNvCskE0kXQ3GIWk_7___rustc35___rust_no_alloc_shim_is_unstable_v2 + 100172
4   chromedriver                        0x000000010302006c _RNvCskE0kXQ3GIWk_7___rustc35___rust_no_alloc_shim_is_unstable_v2 + 109700
5   chromedriver                        0x000000010309f470 _RNvCskE0kXQ3GIWk_7___rustc35___rust_no_alloc_shim_is_unstable_v2 + 630920
6   chromedriver                        0x000000010309e4d4 _RNvCskE0kXQ3GIWk_7___rustc35___rust_no_alloc_shim_is_unstable_v2 + 626924
7   chromedriver                        0x00000001030551a0 _RNvCskE0kXQ3GIWk_7___rustc35___rust_no_alloc_shim_is_unstable_v2 + 327096
8   chromedriver                        0x000000010350a220 cxxbridge1$str$ptr + 2891948
9   chromedriver                        0x000000010350d910 cxxbridge1$str$ptr + 2906012
10  chromedriver                        0x00000001034ef5d8 cxxbridge1$str$ptr + 2782308
11  chromedriver                        0x000000010350e194 cxxbridge1$str$ptr + 2908192
12  chromedriver                        0x00000001034e0090 cxxbridge1$str$ptr + 2719516
13  chromedriver                        0x0000000103532b30 cxxbridge1$str$ptr + 3058108
14  chromedriver                        0x0000000103532cac cxxbridge1$str$ptr + 3058488
15  chromedriver                        0x0000000103543680 cxxbridge1$str$ptr + 3126540
16  libsystem_pthread.dylib             0x0000000189ac3c08 _pthread_start + 136
17  libsystem_pthread.dylib             0x0000000189abeba8 thread_start + 8

[2026-03-24T12:38:11.673785] Error processing business 10: Message: stale element reference: stale element not found in the current frame
  (Session info: chrome=146.0.7680.165); For documentation on this error, please visit: https://www.selenium.dev/documentation/webdriver/troubleshooting/errors#staleelementreferenceexception
Stacktrace:
0   chromedriver                        0x000000010354b99c cxxbridge1$str$ptr + 3160104
1   chromedriver                        0x0000000103543a28 cxxbridge1$str$ptr + 3127476
2   chromedriver                        0x0000000103017904 _RNvCskE0kXQ3GIWk_7___rustc35___rust_no_alloc_shim_is_unstable_v2 + 75036
3   chromedriver                        0x000000010301db34 _RNvCskE0kXQ3GIWk_7___rustc35___rust_no_alloc_shim_is_unstable_v2 + 100172
4   chromedriver                        0x000000010302006c _RNvCskE0kXQ3GIWk_7___rustc35___rust_no_alloc_shim_is_unstable_v2 + 109700
5   chromedriver                        0x000000010309f470 _RNvCskE0kXQ3GIWk_7___rustc35___rust_no_alloc_shim_is_unstable_v2 + 630920
6   chromedriver                        0x000000010309e4d4 _RNvCskE0kXQ3GIWk_7___rustc35___rust_no_alloc_shim_is_unstable_v2 + 626924
7   chromedriver                        0x00000001030551a0 _RNvCskE0kXQ3GIWk_7___rustc35___rust_no_alloc_shim_is_unstable_v2 + 327096
8   chromedriver                        0x000000010350a220 cxxbridge1$str$ptr + 2891948
9   chromedriver                        0x000000010350d910 cxxbridge1$str$ptr + 2906012
10  chromedriver                        0x00000001034ef5d8 cxxbridge1$str$ptr + 2782308
11  chromedriver                        0x000000010350e194 cxxbridge1$str$ptr + 2908192
12  chromedriver                        0x00000001034e0090 cxxbridge1$str$ptr + 2719516
13  chromedriver                        0x0000000103532b30 cxxbridge1$str$ptr + 3058108
14  chromedriver                        0x0000000103532cac cxxbridge1$str$ptr + 3058488
15  chromedriver                        0x0000000103543680 cxxbridge1$str$ptr + 3126540
16  libsystem_pthread.dylib             0x0000000189ac3c08 _pthread_start + 136
17  libsystem_pthread.dylib             0x0000000189abeba8 thread_start + 8

[2026-03-24T12:38:11.676922] Error processing business 11: Message: stale element reference: stale element not found in the current frame
  (Session info: chrome=146.0.7680.165); For documentation on this error, please visit: https://www.selenium.dev/documentation/webdriver/troubleshooting/errors#staleelementreferenceexception
Stacktrace:
0   chromedriver                        0x000000010354b99c cxxbridge1$str$ptr + 3160104
1   chromedriver                        0x0000000103543a28 cxxbridge1$str$ptr + 3127476
2   chromedriver                        0x0000000103017904 _RNvCskE0kXQ3GIWk_7___rustc35___rust_no_alloc_shim_is_unstable_v2 + 75036
3   chromedriver                        0x000000010301db34 _RNvCskE0kXQ3GIWk_7___rustc35___rust_no_alloc_shim_is_unstable_v2 + 100172
4   chromedriver                        0x000000010302006c _RNvCskE0kXQ3GIWk_7___rustc35___rust_no_alloc_shim_is_unstable_v2 + 109700
5   chromedriver                        0x000000010309f470 _RNvCskE0kXQ3GIWk_7___rustc35___rust_no_alloc_shim_is_unstable_v2 + 630920
6   chromedriver                        0x000000010309e4d4 _RNvCskE0kXQ3GIWk_7___rustc35___rust_no_alloc_shim_is_unstable_v2 + 626924
7   chromedriver                        0x00000001030551a0 _RNvCskE0kXQ3GIWk_7___rustc35___rust_no_alloc_shim_is_unstable_v2 + 327096
8   chromedriver                        0x000000010350a220 cxxbridge1$str$ptr + 2891948
9   chromedriver                        0x000000010350d910 cxxbridge1$str$ptr + 2906012
10  chromedriver                        0x00000001034ef5d8 cxxbridge1$str$ptr + 2782308
11  chromedriver                        0x000000010350e194 cxxbridge1$str$ptr + 2908192
12  chromedriver                        0x00000001034e0090 cxxbridge1$str$ptr + 2719516
13  chromedriver                        0x0000000103532b30 cxxbridge1$str$ptr + 3058108
14  chromedriver                        0x0000000103532cac cxxbridge1$str$ptr + 3058488
15  chromedriver                        0x0000000103543680 cxxbridge1$str$ptr + 3126540
16  libsystem_pthread.dylib             0x0000000189ac3c08 _pthread_start + 136
17  libsystem_pthread.dylib             0x0000000189abeba8 thread_start + 8

[2026-03-24T12:38:11.679030] Error processing business 12: Message: stale element reference: stale element not found in the current frame
  (Session info: chrome=146.0.7680.165); For documentation on this error, please visit: https://www.selenium.dev/documentation/webdriver/troubleshooting/errors#staleelementreferenceexception
Stacktrace:
0   chromedriver                        0x000000010354b99c cxxbridge1$str$ptr + 3160104
1   chromedriver                        0x0000000103543a28 cxxbridge1$str$ptr + 3127476
2   chromedriver                        0x0000000103017904 _RNvCskE0kXQ3GIWk_7___rustc35___rust_no_alloc_shim_is_unstable_v2 + 75036
3   chromedriver                        0x000000010301db34 _RNvCskE0kXQ3GIWk_7___rustc35___rust_no_alloc_shim_is_unstable_v2 + 100172
4   chromedriver                        0x000000010302006c _RNvCskE0kXQ3GIWk_7___rustc35___rust_no_alloc_shim_is_unstable_v2 + 109700
5   chromedriver                        0x000000010309f470 _RNvCskE0kXQ3GIWk_7___rustc35___rust_no_alloc_shim_is_unstable_v2 + 630920
6   chromedriver                        0x000000010309e4d4 _RNvCskE0kXQ3GIWk_7___rustc35___rust_no_alloc_shim_is_unstable_v2 + 626924
7   chromedriver                        0x00000001030551a0 _RNvCskE0kXQ3GIWk_7___rustc35___rust_no_alloc_shim_is_unstable_v2 + 327096
8   chromedriver                        0x000000010350a220 cxxbridge1$str$ptr + 2891948
9   chromedriver                        0x000000010350d910 cxxbridge1$str$ptr + 2906012
10  chromedriver                        0x00000001034ef5d8 cxxbridge1$str$ptr + 2782308
11  chromedriver                        0x000000010350e194 cxxbridge1$str$ptr + 2908192
12  chromedriver                        0x00000001034e0090 cxxbridge1$str$ptr + 2719516
13  chromedriver                        0x0000000103532b30 cxxbridge1$str$ptr + 3058108
14  chromedriver                        0x0000000103532cac cxxbridge1$str$ptr + 3058488
15  chromedriver                        0x0000000103543680 cxxbridge1$str$ptr + 3126540
16  libsystem_pthread.dylib             0x0000000189ac3c08 _pthread_start + 136
17  libsystem_pthread.dylib             0x0000000189abeba8 thread_start + 8

[2026-03-24T12:38:11.680998] Error processing business 13: Message: stale element reference: stale element not found in the current frame
  (Session info: chrome=146.0.7680.165); For documentation on this error, please visit: https://www.selenium.dev/documentation/webdriver/troubleshooting/errors#staleelementreferenceexception
Stacktrace:
0   chromedriver                        0x000000010354b99c cxxbridge1$str$ptr + 3160104
1   chromedriver                        0x0000000103543a28 cxxbridge1$str$ptr + 3127476
2   chromedriver                        0x0000000103017904 _RNvCskE0kXQ3GIWk_7___rustc35___rust_no_alloc_shim_is_unstable_v2 + 75036
3   chromedriver                        0x000000010301db34 _RNvCskE0kXQ3GIWk_7___rustc35___rust_no_alloc_shim_is_unstable_v2 + 100172
4   chromedriver                        0x000000010302006c _RNvCskE0kXQ3GIWk_7___rustc35___rust_no_alloc_shim_is_unstable_v2 + 109700
5   chromedriver                        0x000000010309f470 _RNvCskE0kXQ3GIWk_7___rustc35___rust_no_alloc_shim_is_unstable_v2 + 630920
6   chromedriver                        0x000000010309e4d4 _RNvCskE0kXQ3GIWk_7___rustc35___rust_no_alloc_shim_is_unstable_v2 + 626924
7   chromedriver                        0x00000001030551a0 _RNvCskE0kXQ3GIWk_7___rustc35___rust_no_alloc_shim_is_unstable_v2 + 327096
8   chromedriver                        0x000000010350a220 cxxbridge1$str$ptr + 2891948
9   chromedriver                        0x000000010350d910 cxxbridge1$str$ptr + 2906012
10  chromedriver                        0x00000001034ef5d8 cxxbridge1$str$ptr + 2782308
11  chromedriver                        0x000000010350e194 cxxbridge1$str$ptr + 2908192
12  chromedriver                        0x00000001034e0090 cxxbridge1$str$ptr + 2719516
13  chromedriver                        0x0000000103532b30 cxxbridge1$str$ptr + 3058108
14  chromedriver                        0x0000000103532cac cxxbridge1$str$ptr + 3058488
15  chromedriver                        0x0000000103543680 cxxbridge1$str$ptr + 3126540
16  libsystem_pthread.dylib             0x0000000189ac3c08 _pthread_start + 136
17  libsystem_pthread.dylib             0x0000000189abeba8 thread_start + 8

[2026-03-24T12:38:11.683014] Error processing business 14: Message: stale element reference: stale element not found in the current frame
  (Session info: chrome=146.0.7680.165); For documentation on this error, please visit: https://www.selenium.dev/documentation/webdriver/troubleshooting/errors#staleelementreferenceexception
Stacktrace:
0   chromedriver                        0x000000010354b99c cxxbridge1$str$ptr + 3160104
1   chromedriver                        0x0000000103543a28 cxxbridge1$str$ptr + 3127476
2   chromedriver                        0x0000000103017904 _RNvCskE0kXQ3GIWk_7___rustc35___rust_no_alloc_shim_is_unstable_v2 + 75036
3   chromedriver                        0x000000010301db34 _RNvCskE0kXQ3GIWk_7___rustc35___rust_no_alloc_shim_is_unstable_v2 + 100172
4   chromedriver                        0x000000010302006c _RNvCskE0kXQ3GIWk_7___rustc35___rust_no_alloc_shim_is_unstable_v2 + 109700
5   chromedriver                        0x000000010309f470 _RNvCskE0kXQ3GIWk_7___rustc35___rust_no_alloc_shim_is_unstable_v2 + 630920
6   chromedriver                        0x000000010309e4d4 _RNvCskE0kXQ3GIWk_7___rustc35___rust_no_alloc_shim_is_unstable_v2 + 626924
7   chromedriver                        0x00000001030551a0 _RNvCskE0kXQ3GIWk_7___rustc35___rust_no_alloc_shim_is_unstable_v2 + 327096
8   chromedriver                        0x000000010350a220 cxxbridge1$str$ptr + 2891948
9   chromedriver                        0x000000010350d910 cxxbridge1$str$ptr + 2906012
10  chromedriver                        0x00000001034ef5d8 cxxbridge1$str$ptr + 2782308
11  chromedriver                        0x000000010350e194 cxxbridge1$str$ptr + 2908192
12  chromedriver                        0x00000001034e0090 cxxbridge1$str$ptr + 2719516
13  chromedriver                        0x0000000103532b30 cxxbridge1$str$ptr + 3058108
14  chromedriver                        0x0000000103532cac cxxbridge1$str$ptr + 3058488
15  chromedriver                        0x0000000103543680 cxxbridge1$str$ptr + 3126540
16  libsystem_pthread.dylib             0x0000000189ac3c08 _pthread_start + 136
17  libsystem_pthread.dylib             0x0000000189abeba8 thread_start + 8

[2026-03-24T12:38:11.683376] ⏳ Waiting 10.6s before next search...
[2026-03-24T12:38:22.424591] Searching: rental property managers in Raleigh, NC
[2026-03-24T12:38:42.971246] Found 30 business listings
[2026-03-24T12:38:46.724679] ✓ Extracted: MoveZen Property Management Raleigh Metro, Wake County, Johnston County (info@movezen360.com)
[2026-03-24T12:38:48.084058] Error processing business 1: Message: stale element reference: stale element not found in the current frame
  (Session info: chrome=146.0.7680.165); For documentation on this error, please visit: https://www.selenium.dev/documentation/webdriver/troubleshooting/errors#staleelementreferenceexception
Stacktrace:
0   chromedriver                        0x000000010354b99c cxxbridge1$str$ptr + 3160104
1   chromedriver                        0x0000000103543a28 cxxbridge1$str$ptr + 3127476
2   chromedriver                        0x0000000103017904 _RNvCskE0kXQ3GIWk_7___rustc35___rust_no_alloc_shim_is_unstable_v2 + 75036
3   chromedriver                        0x000000010301db34 _RNvCskE0kXQ3GIWk_7___rustc35___rust_no_alloc_shim_is_unstable_v2 + 100172
4   chromedriver                        0x000000010302006c _RNvCskE0kXQ3GIWk_7___rustc35___rust_no_alloc_shim_is_unstable_v2 + 109700
5   chromedriver                        0x000000010309f470 _RNvCskE0kXQ3GIWk_7___rustc35___rust_no_alloc_shim_is_unstable_v2 + 630920
6   chromedriver                        0x000000010309e4d4 _RNvCskE0kXQ3GIWk_7___rustc35___rust_no_alloc_shim_is_unstable_v2 + 626924
7   chromedriver                        0x00000001030551a0 _RNvCskE0kXQ3GIWk_7___rustc35___rust_no_alloc_shim_is_unstable_v2 + 327096
8   chromedriver                        0x000000010350a220 cxxbridge1$str$ptr + 2891948
9   chromedriver                        0x000000010350d910 cxxbridge1$str$ptr + 2906012
10  chromedriver                        0x00000001034ef5d8 cxxbridge1$str$ptr + 2782308
11  chromedriver                        0x000000010350e194 cxxbridge1$str$ptr + 2908192
12  chromedriver                        0x00000001034e0090 cxxbridge1$str$ptr + 2719516
13  chromedriver                        0x0000000103532b30 cxxbridge1$str$ptr + 3058108
14  chromedriver                        0x0000000103532cac cxxbridge1$str$ptr + 3058488
15  chromedriver                        0x0000000103543680 cxxbridge1$str$ptr + 3126540
16  libsystem_pthread.dylib             0x0000000189ac3c08 _pthread_start + 136
17  libsystem_pthread.dylib             0x0000000189abeba8 thread_start + 8

[2026-03-24T12:38:48.089397] Error processing business 2: Message: stale element reference: stale element not found in the current frame
  (Session info: chrome=146.0.7680.165); For documentation on this error, please visit: https://www.selenium.dev/documentation/webdriver/troubleshooting/errors#staleelementreferenceexception
Stacktrace:
0   chromedriver                        0x000000010354b99c cxxbridge1$str$ptr + 3160104
1   chromedriver                        0x0000000103543a28 cxxbridge1$str$ptr + 3127476
2   chromedriver                        0x0000000103017904 _RNvCskE0kXQ3GIWk_7___rustc35___rust_no_alloc_shim_is_unstable_v2 + 75036
3   chromedriver                        0x000000010301db34 _RNvCskE0kXQ3GIWk_7___rustc35___rust_no_alloc_shim_is_unstable_v2 + 100172
4   chromedriver                        0x000000010302006c _RNvCskE0kXQ3GIWk_7___rustc35___rust_no_alloc_shim_is_unstable_v2 + 109700
5   chromedriver                        0x000000010309f470 _RNvCskE0kXQ3GIWk_7___rustc35___rust_no_alloc_shim_is_unstable_v2 + 630920
6   chromedriver                        0x000000010309e4d4 _RNvCskE0kXQ3GIWk_7___rustc35___rust_no_alloc_shim_is_unstable_v2 + 626924
7   chromedriver                        0x00000001030551a0 _RNvCskE0kXQ3GIWk_7___rustc35___rust_no_alloc_shim_is_unstable_v2 + 327096
8   chromedriver                        0x000000010350a220 cxxbridge1$str$ptr + 2891948
9   chromedriver                        0x000000010350d910 cxxbridge1$str$ptr + 2906012
10  chromedriver                        0x00000001034ef5d8 cxxbridge1$str$ptr + 2782308
11  chromedriver                        0x000000010350e194 cxxbridge1$str$ptr + 2908192
12  chromedriver                        0x00000001034e0090 cxxbridge1$str$ptr + 2719516
13  chromedriver                        0x0000000103532b30 cxxbridge1$str$ptr + 3058108
14  chromedriver                        0x0000000103532cac cxxbridge1$str$ptr + 3058488
15  chromedriver                        0x0000000103543680 cxxbridge1$str$ptr + 3126540
16  libsystem_pthread.dylib             0x0000000189ac3c08 _pthread_start + 136
17  libsystem_pthread.dylib             0x0000000189abeba8 thread_start + 8

[2026-03-24T12:38:48.094906] Error processing business 3: Message: stale element reference: stale element not found in the current frame
  (Session info: chrome=146.0.7680.165); For documentation on this error, please visit: https://www.selenium.dev/documentation/webdriver/troubleshooting/errors#staleelementreferenceexception
Stacktrace:
0   chromedriver                        0x000000010354b99c cxxbridge1$str$ptr + 3160104
1   chromedriver                        0x0000000103543a28 cxxbridge1$str$ptr + 3127476
2   chromedriver                        0x0000000103017904 _RNvCskE0kXQ3GIWk_7___rustc35___rust_no_alloc_shim_is_unstable_v2 + 75036
3   chromedriver                        0x000000010301db34 _RNvCskE0kXQ3GIWk_7___rustc35___rust_no_alloc_shim_is_unstable_v2 + 100172
4   chromedriver                        0x000000010302006c _RNvCskE0kXQ3GIWk_7___rustc35___rust_no_alloc_shim_is_unstable_v2 + 109700
5   chromedriver                        0x000000010309f470 _RNvCskE0kXQ3GIWk_7___rustc35___rust_no_alloc_shim_is_unstable_v2 + 630920
6   chromedriver                        0x000000010309e4d4 _RNvCskE0kXQ3GIWk_7___rustc35___rust_no_alloc_shim_is_unstable_v2 + 626924
7   chromedriver                        0x00000001030551a0 _RNvCskE0kXQ3GIWk_7___rustc35___rust_no_alloc_shim_is_unstable_v2 + 327096
8   chromedriver                        0x000000010350a220 cxxbridge1$str$ptr + 2891948
9   chromedriver                        0x000000010350d910 cxxbridge1$str$ptr + 2906012
10  chromedriver                        0x00000001034ef5d8 cxxbridge1$str$ptr + 2782308
11  chromedriver                        0x000000010350e194 cxxbridge1$str$ptr + 2908192
12  chromedriver                        0x00000001034e0090 cxxbridge1$str$ptr + 2719516
13  chromedriver                        0x0000000103532b30 cxxbridge1$str$ptr + 3058108
14  chromedriver                        0x0000000103532cac cxxbridge1$str$ptr + 3058488
15  chromedriver                        0x0000000103543680 cxxbridge1$str$ptr + 3126540
16  libsystem_pthread.dylib             0x0000000189ac3c08 _pthread_start + 136
17  libsystem_pthread.dylib             0x0000000189abeba8 thread_start + 8

[2026-03-24T12:38:48.098772] Error processing business 4: Message: stale element reference: stale element not found in the current frame
  (Session info: chrome=146.0.7680.165); For documentation on this error, please visit: https://www.selenium.dev/documentation/webdriver/troubleshooting/errors#staleelementreferenceexception
Stacktrace:
0   chromedriver                        0x000000010354b99c cxxbridge1$str$ptr + 3160104
1   chromedriver                        0x0000000103543a28 cxxbridge1$str$ptr + 3127476
2   chromedriver                        0x0000000103017904 _RNvCskE0kXQ3GIWk_7___rustc35___rust_no_alloc_shim_is_unstable_v2 + 75036
3   chromedriver                        0x000000010301db34 _RNvCskE0kXQ3GIWk_7___rustc35___rust_no_alloc_shim_is_unstable_v2 + 100172
4   chromedriver                        0x000000010302006c _RNvCskE0kXQ3GIWk_7___rustc35___rust_no_alloc_shim_is_unstable_v2 + 109700
5   chromedriver                        0x000000010309f470 _RNvCskE0kXQ3GIWk_7___rustc35___rust_no_alloc_shim_is_unstable_v2 + 630920
6   chromedriver                        0x000000010309e4d4 _RNvCskE0kXQ3GIWk_7___rustc35___rust_no_alloc_shim_is_unstable_v2 + 626924
7   chromedriver                        0x00000001030551a0 _RNvCskE0kXQ3GIWk_7___rustc35___rust_no_alloc_shim_is_unstable_v2 + 327096
8   chromedriver                        0x000000010350a220 cxxbridge1$str$ptr + 2891948
9   chromedriver                        0x000000010350d910 cxxbridge1$str$ptr + 2906012
10  chromedriver                        0x00000001034ef5d8 cxxbridge1$str$ptr + 2782308
11  chromedriver                        0x000000010350e194 cxxbridge1$str$ptr + 2908192
12  chromedriver                        0x00000001034e0090 cxxbridge1$str$ptr + 2719516
13  chromedriver                        0x0000000103532b30 cxxbridge1$str$ptr + 3058108
14  chromedriver                        0x0000000103532cac cxxbridge1$str$ptr + 3058488
15  chromedriver                        0x0000000103543680 cxxbridge1$str$ptr + 3126540
16  libsystem_pthread.dylib             0x0000000189ac3c08 _pthread_start + 136
17  libsystem_pthread.dylib             0x0000000189abeba8 thread_start + 8

[2026-03-24T12:38:48.102746] Error processing business 5: Message: stale element reference: stale element not found in the current frame
  (Session info: chrome=146.0.7680.165); For documentation on this error, please visit: https://www.selenium.dev/documentation/webdriver/troubleshooting/errors#staleelementreferenceexception
Stacktrace:
0   chromedriver                        0x000000010354b99c cxxbridge1$str$ptr + 3160104
1   chromedriver                        0x0000000103543a28 cxxbridge1$str$ptr + 3127476
2   chromedriver                        0x0000000103017904 _RNvCskE0kXQ3GIWk_7___rustc35___rust_no_alloc_shim_is_unstable_v2 + 75036
3   chromedriver                        0x000000010301db34 _RNvCskE0kXQ3GIWk_7___rustc35___rust_no_alloc_shim_is_unstable_v2 + 100172
4   chromedriver                        0x000000010302006c _RNvCskE0kXQ3GIWk_7___rustc35___rust_no_alloc_shim_is_unstable_v2 + 109700
5   chromedriver                        0x000000010309f470 _RNvCskE0kXQ3GIWk_7___rustc35___rust_no_alloc_shim_is_unstable_v2 + 630920
6   chromedriver                        0x000000010309e4d4 _RNvCskE0kXQ3GIWk_7___rustc35___rust_no_alloc_shim_is_unstable_v2 + 626924
7   chromedriver                        0x00000001030551a0 _RNvCskE0kXQ3GIWk_7___rustc35___rust_no_alloc_shim_is_unstable_v2 + 327096
8   chromedriver                        0x000000010350a220 cxxbridge1$str$ptr + 2891948
9   chromedriver                        0x000000010350d910 cxxbridge1$str$ptr + 2906012
10  chromedriver                        0x00000001034ef5d8 cxxbridge1$str$ptr + 2782308
11  chromedriver                        0x000000010350e194 cxxbridge1$str$ptr + 2908192
12  chromedriver                        0x00000001034e0090 cxxbridge1$str$ptr + 2719516
13  chromedriver                        0x0000000103532b30 cxxbridge1$str$ptr + 3058108
14  chromedriver                        0x0000000103532cac cxxbridge1$str$ptr + 3058488
15  chromedriver                        0x0000000103543680 cxxbridge1$str$ptr + 3126540
16  libsystem_pthread.dylib             0x0000000189ac3c08 _pthread_start + 136
17  libsystem_pthread.dylib             0x0000000189abeba8 thread_start + 8

[2026-03-24T12:38:48.109163] Error processing business 6: Message: stale element reference: stale element not found in the current frame
  (Session info: chrome=146.0.7680.165); For documentation on this error, please visit: https://www.selenium.dev/documentation/webdriver/troubleshooting/errors#staleelementreferenceexception
Stacktrace:
0   chromedriver                        0x000000010354b99c cxxbridge1$str$ptr + 3160104
1   chromedriver                        0x0000000103543a28 cxxbridge1$str$ptr + 3127476
2   chromedriver                        0x0000000103017904 _RNvCskE0kXQ3GIWk_7___rustc35___rust_no_alloc_shim_is_unstable_v2 + 75036
3   chromedriver                        0x000000010301db34 _RNvCskE0kXQ3GIWk_7___rustc35___rust_no_alloc_shim_is_unstable_v2 + 100172
4   chromedriver                        0x000000010302006c _RNvCskE0kXQ3GIWk_7___rustc35___rust_no_alloc_shim_is_unstable_v2 + 109700
5   chromedriver                        0x000000010309f470 _RNvCskE0kXQ3GIWk_7___rustc35___rust_no_alloc_shim_is_unstable_v2 + 630920
6   chromedriver                        0x000000010309e4d4 _RNvCskE0kXQ3GIWk_7___rustc35___rust_no_alloc_shim_is_unstable_v2 + 626924
7   chromedriver                        0x00000001030551a0 _RNvCskE0kXQ3GIWk_7___rustc35___rust_no_alloc_shim_is_unstable_v2 + 327096
8   chromedriver                        0x000000010350a220 cxxbridge1$str$ptr + 2891948
9   chromedriver                        0x000000010350d910 cxxbridge1$str$ptr + 2906012
10  chromedriver                        0x00000001034ef5d8 cxxbridge1$str$ptr + 2782308
11  chromedriver                        0x000000010350e194 cxxbridge1$str$ptr + 2908192
12  chromedriver                        0x00000001034e0090 cxxbridge1$str$ptr + 2719516
13  chromedriver                        0x0000000103532b30 cxxbridge1$str$ptr + 3058108
14  chromedriver                        0x0000000103532cac cxxbridge1$str$ptr + 3058488
15  chromedriver                        0x0000000103543680 cxxbridge1$str$ptr + 3126540
16  libsystem_pthread.dylib             0x0000000189ac3c08 _pthread_start + 136
17  libsystem_pthread.dylib             0x0000000189abeba8 thread_start + 8

[2026-03-24T12:38:48.114950] Error processing business 7: Message: stale element reference: stale element not found in the current frame
  (Session info: chrome=146.0.7680.165); For documentation on this error, please visit: https://www.selenium.dev/documentation/webdriver/troubleshooting/errors#staleelementreferenceexception
Stacktrace:
0   chromedriver                        0x000000010354b99c cxxbridge1$str$ptr + 3160104
1   chromedriver                        0x0000000103543a28 cxxbridge1$str$ptr + 3127476
2   chromedriver                        0x0000000103017904 _RNvCskE0kXQ3GIWk_7___rustc35___rust_no_alloc_shim_is_unstable_v2 + 75036
3   chromedriver                        0x000000010301db34 _RNvCskE0kXQ3GIWk_7___rustc35___rust_no_alloc_shim_is_unstable_v2 + 100172
4   chromedriver                        0x000000010302006c _RNvCskE0kXQ3GIWk_7___rustc35___rust_no_alloc_shim_is_unstable_v2 + 109700
5   chromedriver                        0x000000010309f470 _RNvCskE0kXQ3GIWk_7___rustc35___rust_no_alloc_shim_is_unstable_v2 + 630920
6   chromedriver                        0x000000010309e4d4 _RNvCskE0kXQ3GIWk_7___rustc35___rust_no_alloc_shim_is_unstable_v2 + 626924
7   chromedriver                        0x00000001030551a0 _RNvCskE0kXQ3GIWk_7___rustc35___rust_no_alloc_shim_is_unstable_v2 + 327096
8   chromedriver                        0x000000010350a220 cxxbridge1$str$ptr + 2891948
9   chromedriver                        0x000000010350d910 cxxbridge1$str$ptr + 2906012
10  chromedriver                        0x00000001034ef5d8 cxxbridge1$str$ptr + 2782308
11  chromedriver                        0x000000010350e194 cxxbridge1$str$ptr + 2908192
12  chromedriver                        0x00000001034e0090 cxxbridge1$str$ptr + 2719516
13  chromedriver                        0x0000000103532b30 cxxbridge1$str$ptr + 3058108
14  chromedriver                        0x0000000103532cac cxxbridge1$str$ptr + 3058488
15  chromedriver                        0x0000000103543680 cxxbridge1$str$ptr + 3126540
16  libsystem_pthread.dylib             0x0000000189ac3c08 _pthread_start + 136
17  libsystem_pthread.dylib             0x0000000189abeba8 thread_start + 8

[2026-03-24T12:38:48.121803] Error processing business 8: Message: stale element reference: stale element not found in the current frame
  (Session info: chrome=146.0.7680.165); For documentation on this error, please visit: https://www.selenium.dev/documentation/webdriver/troubleshooting/errors#staleelementreferenceexception
Stacktrace:
0   chromedriver                        0x000000010354b99c cxxbridge1$str$ptr + 3160104
1   chromedriver                        0x0000000103543a28 cxxbridge1$str$ptr + 3127476
2   chromedriver                        0x0000000103017904 _RNvCskE0kXQ3GIWk_7___rustc35___rust_no_alloc_shim_is_unstable_v2 + 75036
3   chromedriver                        0x000000010301db34 _RNvCskE0kXQ3GIWk_7___rustc35___rust_no_alloc_shim_is_unstable_v2 + 100172
4   chromedriver                        0x000000010302006c _RNvCskE0kXQ3GIWk_7___rustc35___rust_no_alloc_shim_is_unstable_v2 + 109700
5   chromedriver                        0x000000010309f470 _RNvCskE0kXQ3GIWk_7___rustc35___rust_no_alloc_shim_is_unstable_v2 + 630920
6   chromedriver                        0x000000010309e4d4 _RNvCskE0kXQ3GIWk_7___rustc35___rust_no_alloc_shim_is_unstable_v2 + 626924
7   chromedriver                        0x00000001030551a0 _RNvCskE0kXQ3GIWk_7___rustc35___rust_no_alloc_shim_is_unstable_v2 + 327096
8   chromedriver                        0x000000010350a220 cxxbridge1$str$ptr + 2891948
9   chromedriver                        0x000000010350d910 cxxbridge1$str$ptr + 2906012
10  chromedriver                        0x00000001034ef5d8 cxxbridge1$str$ptr + 2782308
11  chromedriver                        0x000000010350e194 cxxbridge1$str$ptr + 2908192
12  chromedriver                        0x00000001034e0090 cxxbridge1$str$ptr + 2719516
13  chromedriver                        0x0000000103532b30 cxxbridge1$str$ptr + 3058108
14  chromedriver                        0x0000000103532cac cxxbridge1$str$ptr + 3058488
15  chromedriver                        0x0000000103543680 cxxbridge1$str$ptr + 3126540
16  libsystem_pthread.dylib             0x0000000189ac3c08 _pthread_start + 136
17  libsystem_pthread.dylib             0x0000000189abeba8 thread_start + 8

[2026-03-24T12:38:48.128928] Error processing business 9: Message: stale element reference: stale element not found in the current frame
  (Session info: chrome=146.0.7680.165); For documentation on this error, please visit: https://www.selenium.dev/documentation/webdriver/troubleshooting/errors#staleelementreferenceexception
Stacktrace:
0   chromedriver                        0x000000010354b99c cxxbridge1$str$ptr + 3160104
1   chromedriver                        0x0000000103543a28 cxxbridge1$str$ptr + 3127476
2   chromedriver                        0x0000000103017904 _RNvCskE0kXQ3GIWk_7___rustc35___rust_no_alloc_shim_is_unstable_v2 + 75036
3   chromedriver                        0x000000010301db34 _RNvCskE0kXQ3GIWk_7___rustc35___rust_no_alloc_shim_is_unstable_v2 + 100172
4   chromedriver                        0x000000010302006c _RNvCskE0kXQ3GIWk_7___rustc35___rust_no_alloc_shim_is_unstable_v2 + 109700
5   chromedriver                        0x000000010309f470 _RNvCskE0kXQ3GIWk_7___rustc35___rust_no_alloc_shim_is_unstable_v2 + 630920
6   chromedriver                        0x000000010309e4d4 _RNvCskE0kXQ3GIWk_7___rustc35___rust_no_alloc_shim_is_unstable_v2 + 626924
7   chromedriver                        0x00000001030551a0 _RNvCskE0kXQ3GIWk_7___rustc35___rust_no_alloc_shim_is_unstable_v2 + 327096
8   chromedriver                        0x000000010350a220 cxxbridge1$str$ptr + 2891948
9   chromedriver                        0x000000010350d910 cxxbridge1$str$ptr + 2906012
10  chromedriver                        0x00000001034ef5d8 cxxbridge1$str$ptr + 2782308
11  chromedriver                        0x000000010350e194 cxxbridge1$str$ptr + 2908192
12  chromedriver                        0x00000001034e0090 cxxbridge1$str$ptr + 2719516
13  chromedriver                        0x0000000103532b30 cxxbridge1$str$ptr + 3058108
14  chromedriver                        0x0000000103532cac cxxbridge1$str$ptr + 3058488
15  chromedriver                        0x0000000103543680 cxxbridge1$str$ptr + 3126540
16  libsystem_pthread.dylib             0x0000000189ac3c08 _pthread_start + 136
17  libsystem_pthread.dylib             0x0000000189abeba8 thread_start + 8

[2026-03-24T12:38:48.131833] Error processing business 10: Message: stale element reference: stale element not found in the current frame
  (Session info: chrome=146.0.7680.165); For documentation on this error, please visit: https://www.selenium.dev/documentation/webdriver/troubleshooting/errors#staleelementreferenceexception
Stacktrace:
0   chromedriver                        0x000000010354b99c cxxbridge1$str$ptr + 3160104
1   chromedriver                        0x0000000103543a28 cxxbridge1$str$ptr + 3127476
2   chromedriver                        0x0000000103017904 _RNvCskE0kXQ3GIWk_7___rustc35___rust_no_alloc_shim_is_unstable_v2 + 75036
3   chromedriver                        0x000000010301db34 _RNvCskE0kXQ3GIWk_7___rustc35___rust_no_alloc_shim_is_unstable_v2 + 100172
4   chromedriver                        0x000000010302006c _RNvCskE0kXQ3GIWk_7___rustc35___rust_no_alloc_shim_is_unstable_v2 + 109700
5   chromedriver                        0x000000010309f470 _RNvCskE0kXQ3GIWk_7___rustc35___rust_no_alloc_shim_is_unstable_v2 + 630920
6   chromedriver                        0x000000010309e4d4 _RNvCskE0kXQ3GIWk_7___rustc35___rust_no_alloc_shim_is_unstable_v2 + 626924
7   chromedriver                        0x00000001030551a0 _RNvCskE0kXQ3GIWk_7___rustc35___rust_no_alloc_shim_is_unstable_v2 + 327096
8   chromedriver                        0x000000010350a220 cxxbridge1$str$ptr + 2891948
9   chromedriver                        0x000000010350d910 cxxbridge1$str$ptr + 2906012
10  chromedriver                        0x00000001034ef5d8 cxxbridge1$str$ptr + 2782308
11  chromedriver                        0x000000010350e194 cxxbridge1$str$ptr + 2908192
12  chromedriver                        0x00000001034e0090 cxxbridge1$str$ptr + 2719516
13  chromedriver                        0x0000000103532b30 cxxbridge1$str$ptr + 3058108
14  chromedriver                        0x0000000103532cac cxxbridge1$str$ptr + 3058488
15  chromedriver                        0x0000000103543680 cxxbridge1$str$ptr + 3126540
16  libsystem_pthread.dylib             0x0000000189ac3c08 _pthread_start + 136
17  libsystem_pthread.dylib             0x0000000189abeba8 thread_start + 8

[2026-03-24T12:38:48.134585] Error processing business 11: Message: stale element reference: stale element not found in the current frame
  (Session info: chrome=146.0.7680.165); For documentation on this error, please visit: https://www.selenium.dev/documentation/webdriver/troubleshooting/errors#staleelementreferenceexception
Stacktrace:
0   chromedriver                        0x000000010354b99c cxxbridge1$str$ptr + 3160104
1   chromedriver                        0x0000000103543a28 cxxbridge1$str$ptr + 3127476
2   chromedriver                        0x0000000103017904 _RNvCskE0kXQ3GIWk_7___rustc35___rust_no_alloc_shim_is_unstable_v2 + 75036
3   chromedriver                        0x000000010301db34 _RNvCskE0kXQ3GIWk_7___rustc35___rust_no_alloc_shim_is_unstable_v2 + 100172
4   chromedriver                        0x000000010302006c _RNvCskE0kXQ3GIWk_7___rustc35___rust_no_alloc_shim_is_unstable_v2 + 109700
5   chromedriver                        0x000000010309f470 _RNvCskE0kXQ3GIWk_7___rustc35___rust_no_alloc_shim_is_unstable_v2 + 630920
6   chromedriver                        0x000000010309e4d4 _RNvCskE0kXQ3GIWk_7___rustc35___rust_no_alloc_shim_is_unstable_v2 + 626924
7   chromedriver                        0x00000001030551a0 _RNvCskE0kXQ3GIWk_7___rustc35___rust_no_alloc_shim_is_unstable_v2 + 327096
8   chromedriver                        0x000000010350a220 cxxbridge1$str$ptr + 2891948
9   chromedriver                        0x000000010350d910 cxxbridge1$str$ptr + 2906012
10  chromedriver                        0x00000001034ef5d8 cxxbridge1$str$ptr + 2782308
11  chromedriver                        0x000000010350e194 cxxbridge1$str$ptr + 2908192
12  chromedriver                        0x00000001034e0090 cxxbridge1$str$ptr + 2719516
13  chromedriver                        0x0000000103532b30 cxxbridge1$str$ptr + 3058108
14  chromedriver                        0x0000000103532cac cxxbridge1$str$ptr + 3058488
15  chromedriver                        0x0000000103543680 cxxbridge1$str$ptr + 3126540
16  libsystem_pthread.dylib             0x0000000189ac3c08 _pthread_start + 136
17  libsystem_pthread.dylib             0x0000000189abeba8 thread_start + 8

[2026-03-24T12:38:48.138278] Error processing business 12: Message: stale element reference: stale element not found in the current frame
  (Session info: chrome=146.0.7680.165); For documentation on this error, please visit: https://www.selenium.dev/documentation/webdriver/troubleshooting/errors#staleelementreferenceexception
Stacktrace:
0   chromedriver                        0x000000010354b99c cxxbridge1$str$ptr + 3160104
1   chromedriver                        0x0000000103543a28 cxxbridge1$str$ptr + 3127476
2   chromedriver                        0x0000000103017904 _RNvCskE0kXQ3GIWk_7___rustc35___rust_no_alloc_shim_is_unstable_v2 + 75036
3   chromedriver                        0x000000010301db34 _RNvCskE0kXQ3GIWk_7___rustc35___rust_no_alloc_shim_is_unstable_v2 + 100172
4   chromedriver                        0x000000010302006c _RNvCskE0kXQ3GIWk_7___rustc35___rust_no_alloc_shim_is_unstable_v2 + 109700
5   chromedriver                        0x000000010309f470 _RNvCskE0kXQ3GIWk_7___rustc35___rust_no_alloc_shim_is_unstable_v2 + 630920
6   chromedriver                        0x000000010309e4d4 _RNvCskE0kXQ3GIWk_7___rustc35___rust_no_alloc_shim_is_unstable_v2 + 626924
7   chromedriver                        0x00000001030551a0 _RNvCskE0kXQ3GIWk_7___rustc35___rust_no_alloc_shim_is_unstable_v2 + 327096
8   chromedriver                        0x000000010350a220 cxxbridge1$str$ptr + 2891948
9   chromedriver                        0x000000010350d910 cxxbridge1$str$ptr + 2906012
10  chromedriver                        0x00000001034ef5d8 cxxbridge1$str$ptr + 2782308
11  chromedriver                        0x000000010350e194 cxxbridge1$str$ptr + 2908192
12  chromedriver                        0x00000001034e0090 cxxbridge1$str$ptr + 2719516
13  chromedriver                        0x0000000103532b30 cxxbridge1$str$ptr + 3058108
14  chromedriver                        0x0000000103532cac cxxbridge1$str$ptr + 3058488
15  chromedriver                        0x0000000103543680 cxxbridge1$str$ptr + 3126540
16  libsystem_pthread.dylib             0x0000000189ac3c08 _pthread_start + 136
17  libsystem_pthread.dylib             0x0000000189abeba8 thread_start + 8

[2026-03-24T12:38:48.140476] Error processing business 13: Message: stale element reference: stale element not found in the current frame
  (Session info: chrome=146.0.7680.165); For documentation on this error, please visit: https://www.selenium.dev/documentation/webdriver/troubleshooting/errors#staleelementreferenceexception
Stacktrace:
0   chromedriver                        0x000000010354b99c cxxbridge1$str$ptr + 3160104
1   chromedriver                        0x0000000103543a28 cxxbridge1$str$ptr + 3127476
2   chromedriver                        0x0000000103017904 _RNvCskE0kXQ3GIWk_7___rustc35___rust_no_alloc_shim_is_unstable_v2 + 75036
3   chromedriver                        0x000000010301db34 _RNvCskE0kXQ3GIWk_7___rustc35___rust_no_alloc_shim_is_unstable_v2 + 100172
4   chromedriver                        0x000000010302006c _RNvCskE0kXQ3GIWk_7___rustc35___rust_no_alloc_shim_is_unstable_v2 + 109700
5   chromedriver                        0x000000010309f470 _RNvCskE0kXQ3GIWk_7___rustc35___rust_no_alloc_shim_is_unstable_v2 + 630920
6   chromedriver                        0x000000010309e4d4 _RNvCskE0kXQ3GIWk_7___rustc35___rust_no_alloc_shim_is_unstable_v2 + 626924
7   chromedriver                        0x00000001030551a0 _RNvCskE0kXQ3GIWk_7___rustc35___rust_no_alloc_shim_is_unstable_v2 + 327096
8   chromedriver                        0x000000010350a220 cxxbridge1$str$ptr + 2891948
9   chromedriver                        0x000000010350d910 cxxbridge1$str$ptr + 2906012
10  chromedriver                        0x00000001034ef5d8 cxxbridge1$str$ptr + 2782308
11  chromedriver                        0x000000010350e194 cxxbridge1$str$ptr + 2908192
12  chromedriver                        0x00000001034e0090 cxxbridge1$str$ptr + 2719516
13  chromedriver                        0x0000000103532b30 cxxbridge1$str$ptr + 3058108
14  chromedriver                        0x0000000103532cac cxxbridge1$str$ptr + 3058488
15  chromedriver                        0x0000000103543680 cxxbridge1$str$ptr + 3126540
16  libsystem_pthread.dylib             0x0000000189ac3c08 _pthread_start + 136
17  libsystem_pthread.dylib             0x0000000189abeba8 thread_start + 8

[2026-03-24T12:38:48.143265] Error processing business 14: Message: stale element reference: stale element not found in the current frame
  (Session info: chrome=146.0.7680.165); For documentation on this error, please visit: https://www.selenium.dev/documentation/webdriver/troubleshooting/errors#staleelementreferenceexception
Stacktrace:
0   chromedriver                        0x000000010354b99c cxxbridge1$str$ptr + 3160104
1   chromedriver                        0x0000000103543a28 cxxbridge1$str$ptr + 3127476
2   chromedriver                        0x0000000103017904 _RNvCskE0kXQ3GIWk_7___rustc35___rust_no_alloc_shim_is_unstable_v2 + 75036
3   chromedriver                        0x000000010301db34 _RNvCskE0kXQ3GIWk_7___rustc35___rust_no_alloc_shim_is_unstable_v2 + 100172
4   chromedriver                        0x000000010302006c _RNvCskE0kXQ3GIWk_7___rustc35___rust_no_alloc_shim_is_unstable_v2 + 109700
5   chromedriver                        0x000000010309f470 _RNvCskE0kXQ3GIWk_7___rustc35___rust_no_alloc_shim_is_unstable_v2 + 630920
6   chromedriver                        0x000000010309e4d4 _RNvCskE0kXQ3GIWk_7___rustc35___rust_no_alloc_shim_is_unstable_v2 + 626924
7   chromedriver                        0x00000001030551a0 _RNvCskE0kXQ3GIWk_7___rustc35___rust_no_alloc_shim_is_unstable_v2 + 327096
8   chromedriver                        0x000000010350a220 cxxbridge1$str$ptr + 2891948
9   chromedriver                        0x000000010350d910 cxxbridge1$str$ptr + 2906012
10  chromedriver                        0x00000001034ef5d8 cxxbridge1$str$ptr + 2782308
11  chromedriver                        0x000000010350e194 cxxbridge1$str$ptr + 2908192
12  chromedriver                        0x00000001034e0090 cxxbridge1$str$ptr + 2719516
13  chromedriver                        0x0000000103532b30 cxxbridge1$str$ptr + 3058108
14  chromedriver                        0x0000000103532cac cxxbridge1$str$ptr + 3058488
15  chromedriver                        0x0000000103543680 cxxbridge1$str$ptr + 3126540
16  libsystem_pthread.dylib             0x0000000189ac3c08 _pthread_start + 136
17  libsystem_pthread.dylib             0x0000000189abeba8 thread_start + 8

[2026-03-24T12:38:48.143822] ⏳ Waiting 10.6s before next search...
[2026-03-24T12:38:58.814159] Searching: apartment management in Raleigh, NC
[2026-03-24T12:39:18.643067] Found 26 business listings
[2026-03-24T12:39:21.439360] ✓ Extracted: MoveZen Property Management Raleigh Metro, Wake County, Johnston County (info@movezen360.com)
[2026-03-24T12:39:22.600419] Error processing business 1: Message: stale element reference: stale element not found in the current frame
  (Session info: chrome=146.0.7680.165); For documentation on this error, please visit: https://www.selenium.dev/documentation/webdriver/troubleshooting/errors#staleelementreferenceexception
Stacktrace:
0   chromedriver                        0x000000010354b99c cxxbridge1$str$ptr + 3160104
1   chromedriver                        0x0000000103543a28 cxxbridge1$str$ptr + 3127476
2   chromedriver                        0x0000000103017904 _RNvCskE0kXQ3GIWk_7___rustc35___rust_no_alloc_shim_is_unstable_v2 + 75036
3   chromedriver                        0x000000010301db34 _RNvCskE0kXQ3GIWk_7___rustc35___rust_no_alloc_shim_is_unstable_v2 + 100172
4   chromedriver                        0x000000010302006c _RNvCskE0kXQ3GIWk_7___rustc35___rust_no_alloc_shim_is_unstable_v2 + 109700
5   chromedriver                        0x000000010309f470 _RNvCskE0kXQ3GIWk_7___rustc35___rust_no_alloc_shim_is_unstable_v2 + 630920
6   chromedriver                        0x000000010309e4d4 _RNvCskE0kXQ3GIWk_7___rustc35___rust_no_alloc_shim_is_unstable_v2 + 626924
7   chromedriver                        0x00000001030551a0 _RNvCskE0kXQ3GIWk_7___rustc35___rust_no_alloc_shim_is_unstable_v2 + 327096
8   chromedriver                        0x000000010350a220 cxxbridge1$str$ptr + 2891948
9   chromedriver                        0x000000010350d910 cxxbridge1$str$ptr + 2906012
10  chromedriver                        0x00000001034ef5d8 cxxbridge1$str$ptr + 2782308
11  chromedriver                        0x000000010350e194 cxxbridge1$str$ptr + 2908192
12  chromedriver                        0x00000001034e0090 cxxbridge1$str$ptr + 2719516
13  chromedriver                        0x0000000103532b30 cxxbridge1$str$ptr + 3058108
14  chromedriver                        0x0000000103532cac cxxbridge1$str$ptr + 3058488
15  chromedriver                        0x0000000103543680 cxxbridge1$str$ptr + 3126540
16  libsystem_pthread.dylib             0x0000000189ac3c08 _pthread_start + 136
17  libsystem_pthread.dylib             0x0000000189abeba8 thread_start + 8

[2026-03-24T12:39:22.606683] Error processing business 2: Message: stale element reference: stale element not found in the current frame
  (Session info: chrome=146.0.7680.165); For documentation on this error, please visit: https://www.selenium.dev/documentation/webdriver/troubleshooting/errors#staleelementreferenceexception
Stacktrace:
0   chromedriver                        0x000000010354b99c cxxbridge1$str$ptr + 3160104
1   chromedriver                        0x0000000103543a28 cxxbridge1$str$ptr + 3127476
2   chromedriver                        0x0000000103017904 _RNvCskE0kXQ3GIWk_7___rustc35___rust_no_alloc_shim_is_unstable_v2 + 75036
3   chromedriver                        0x000000010301db34 _RNvCskE0kXQ3GIWk_7___rustc35___rust_no_alloc_shim_is_unstable_v2 + 100172
4   chromedriver                        0x000000010302006c _RNvCskE0kXQ3GIWk_7___rustc35___rust_no_alloc_shim_is_unstable_v2 + 109700
5   chromedriver                        0x000000010309f470 _RNvCskE0kXQ3GIWk_7___rustc35___rust_no_alloc_shim_is_unstable_v2 + 630920
6   chromedriver                        0x000000010309e4d4 _RNvCskE0kXQ3GIWk_7___rustc35___rust_no_alloc_shim_is_unstable_v2 + 626924
7   chromedriver                        0x00000001030551a0 _RNvCskE0kXQ3GIWk_7___rustc35___rust_no_alloc_shim_is_unstable_v2 + 327096
8   chromedriver                        0x000000010350a220 cxxbridge1$str$ptr + 2891948
9   chromedriver                        0x000000010350d910 cxxbridge1$str$ptr + 2906012
10  chromedriver                        0x00000001034ef5d8 cxxbridge1$str$ptr + 2782308
11  chromedriver                        0x000000010350e194 cxxbridge1$str$ptr + 2908192
12  chromedriver                        0x00000001034e0090 cxxbridge1$str$ptr + 2719516
13  chromedriver                        0x0000000103532b30 cxxbridge1$str$ptr + 3058108
14  chromedriver                        0x0000000103532cac cxxbridge1$str$ptr + 3058488
15  chromedriver                        0x0000000103543680 cxxbridge1$str$ptr + 3126540
16  libsystem_pthread.dylib             0x0000000189ac3c08 _pthread_start + 136
17  libsystem_pthread.dylib             0x0000000189abeba8 thread_start + 8

[2026-03-24T12:39:22.611911] Error processing business 3: Message: stale element reference: stale element not found in the current frame
  (Session info: chrome=146.0.7680.165); For documentation on this error, please visit: https://www.selenium.dev/documentation/webdriver/troubleshooting/errors#staleelementreferenceexception
Stacktrace:
0   chromedriver                        0x000000010354b99c cxxbridge1$str$ptr + 3160104
1   chromedriver                        0x0000000103543a28 cxxbridge1$str$ptr + 3127476
2   chromedriver                        0x0000000103017904 _RNvCskE0kXQ3GIWk_7___rustc35___rust_no_alloc_shim_is_unstable_v2 + 75036
3   chromedriver                        0x000000010301db34 _RNvCskE0kXQ3GIWk_7___rustc35___rust_no_alloc_shim_is_unstable_v2 + 100172
4   chromedriver                        0x000000010302006c _RNvCskE0kXQ3GIWk_7___rustc35___rust_no_alloc_shim_is_unstable_v2 + 109700
5   chromedriver                        0x000000010309f470 _RNvCskE0kXQ3GIWk_7___rustc35___rust_no_alloc_shim_is_unstable_v2 + 630920
6   chromedriver                        0x000000010309e4d4 _RNvCskE0kXQ3GIWk_7___rustc35___rust_no_alloc_shim_is_unstable_v2 + 626924
7   chromedriver                        0x00000001030551a0 _RNvCskE0kXQ3GIWk_7___rustc35___rust_no_alloc_shim_is_unstable_v2 + 327096
8   chromedriver                        0x000000010350a220 cxxbridge1$str$ptr + 2891948
9   chromedriver                        0x000000010350d910 cxxbridge1$str$ptr + 2906012
10  chromedriver                        0x00000001034ef5d8 cxxbridge1$str$ptr + 2782308
11  chromedriver                        0x000000010350e194 cxxbridge1$str$ptr + 2908192
12  chromedriver                        0x00000001034e0090 cxxbridge1$str$ptr + 2719516
13  chromedriver                        0x0000000103532b30 cxxbridge1$str$ptr + 3058108
14  chromedriver                        0x0000000103532cac cxxbridge1$str$ptr + 3058488
15  chromedriver                        0x0000000103543680 cxxbridge1$str$ptr + 3126540
16  libsystem_pthread.dylib             0x0000000189ac3c08 _pthread_start + 136
17  libsystem_pthread.dylib             0x0000000189abeba8 thread_start + 8

[2026-03-24T12:39:22.616152] Error processing business 4: Message: stale element reference: stale element not found in the current frame
  (Session info: chrome=146.0.7680.165); For documentation on this error, please visit: https://www.selenium.dev/documentation/webdriver/troubleshooting/errors#staleelementreferenceexception
Stacktrace:
0   chromedriver                        0x000000010354b99c cxxbridge1$str$ptr + 3160104
1   chromedriver                        0x0000000103543a28 cxxbridge1$str$ptr + 3127476
2   chromedriver                        0x0000000103017904 _RNvCskE0kXQ3GIWk_7___rustc35___rust_no_alloc_shim_is_unstable_v2 + 75036
3   chromedriver                        0x000000010301db34 _RNvCskE0kXQ3GIWk_7___rustc35___rust_no_alloc_shim_is_unstable_v2 + 100172
4   chromedriver                        0x000000010302006c _RNvCskE0kXQ3GIWk_7___rustc35___rust_no_alloc_shim_is_unstable_v2 + 109700
5   chromedriver                        0x000000010309f470 _RNvCskE0kXQ3GIWk_7___rustc35___rust_no_alloc_shim_is_unstable_v2 + 630920
6   chromedriver                        0x000000010309e4d4 _RNvCskE0kXQ3GIWk_7___rustc35___rust_no_alloc_shim_is_unstable_v2 + 626924
7   chromedriver                        0x00000001030551a0 _RNvCskE0kXQ3GIWk_7___rustc35___rust_no_alloc_shim_is_unstable_v2 + 327096
8   chromedriver                        0x000000010350a220 cxxbridge1$str$ptr + 2891948
9   chromedriver                        0x000000010350d910 cxxbridge1$str$ptr + 2906012
10  chromedriver                        0x00000001034ef5d8 cxxbridge1$str$ptr + 2782308
11  chromedriver                        0x000000010350e194 cxxbridge1$str$ptr + 2908192
12  chromedriver                        0x00000001034e0090 cxxbridge1$str$ptr + 2719516
13  chromedriver                        0x0000000103532b30 cxxbridge1$str$ptr + 3058108
14  chromedriver                        0x0000000103532cac cxxbridge1$str$ptr + 3058488
15  chromedriver                        0x0000000103543680 cxxbridge1$str$ptr + 3126540
16  libsystem_pthread.dylib             0x0000000189ac3c08 _pthread_start + 136
17  libsystem_pthread.dylib             0x0000000189abeba8 thread_start + 8

[2026-03-24T12:39:22.620068] Error processing business 5: Message: stale element reference: stale element not found in the current frame
  (Session info: chrome=146.0.7680.165); For documentation on this error, please visit: https://www.selenium.dev/documentation/webdriver/troubleshooting/errors#staleelementreferenceexception
Stacktrace:
0   chromedriver                        0x000000010354b99c cxxbridge1$str$ptr + 3160104
1   chromedriver                        0x0000000103543a28 cxxbridge1$str$ptr + 3127476
2   chromedriver                        0x0000000103017904 _RNvCskE0kXQ3GIWk_7___rustc35___rust_no_alloc_shim_is_unstable_v2 + 75036
3   chromedriver                        0x000000010301db34 _RNvCskE0kXQ3GIWk_7___rustc35___rust_no_alloc_shim_is_unstable_v2 + 100172
4   chromedriver                        0x000000010302006c _RNvCskE0kXQ3GIWk_7___rustc35___rust_no_alloc_shim_is_unstable_v2 + 109700
5   chromedriver                        0x000000010309f470 _RNvCskE0kXQ3GIWk_7___rustc35___rust_no_alloc_shim_is_unstable_v2 + 630920
6   chromedriver                        0x000000010309e4d4 _RNvCskE0kXQ3GIWk_7___rustc35___rust_no_alloc_shim_is_unstable_v2 + 626924
7   chromedriver                        0x00000001030551a0 _RNvCskE0kXQ3GIWk_7___rustc35___rust_no_alloc_shim_is_unstable_v2 + 327096
8   chromedriver                        0x000000010350a220 cxxbridge1$str$ptr + 2891948
9   chromedriver                        0x000000010350d910 cxxbridge1$str$ptr + 2906012
10  chromedriver                        0x00000001034ef5d8 cxxbridge1$str$ptr + 2782308
11  chromedriver                        0x000000010350e194 cxxbridge1$str$ptr + 2908192
12  chromedriver                        0x00000001034e0090 cxxbridge1$str$ptr + 2719516
13  chromedriver                        0x0000000103532b30 cxxbridge1$str$ptr + 3058108
14  chromedriver                        0x0000000103532cac cxxbridge1$str$ptr + 3058488
15  chromedriver                        0x0000000103543680 cxxbridge1$str$ptr + 3126540
16  libsystem_pthread.dylib             0x0000000189ac3c08 _pthread_start + 136
17  libsystem_pthread.dylib             0x0000000189abeba8 thread_start + 8

[2026-03-24T12:39:22.623450] Error processing business 6: Message: stale element reference: stale element not found in the current frame
  (Session info: chrome=146.0.7680.165); For documentation on this error, please visit: https://www.selenium.dev/documentation/webdriver/troubleshooting/errors#staleelementreferenceexception
Stacktrace:
0   chromedriver                        0x000000010354b99c cxxbridge1$str$ptr + 3160104
1   chromedriver                        0x0000000103543a28 cxxbridge1$str$ptr + 3127476
2   chromedriver                        0x0000000103017904 _RNvCskE0kXQ3GIWk_7___rustc35___rust_no_alloc_shim_is_unstable_v2 + 75036
3   chromedriver                        0x000000010301db34 _RNvCskE0kXQ3GIWk_7___rustc35___rust_no_alloc_shim_is_unstable_v2 + 100172
4   chromedriver                        0x000000010302006c _RNvCskE0kXQ3GIWk_7___rustc35___rust_no_alloc_shim_is_unstable_v2 + 109700
5   chromedriver                        0x000000010309f470 _RNvCskE0kXQ3GIWk_7___rustc35___rust_no_alloc_shim_is_unstable_v2 + 630920
6   chromedriver                        0x000000010309e4d4 _RNvCskE0kXQ3GIWk_7___rustc35___rust_no_alloc_shim_is_unstable_v2 + 626924
7   chromedriver                        0x00000001030551a0 _RNvCskE0kXQ3GIWk_7___rustc35___rust_no_alloc_shim_is_unstable_v2 + 327096
8   chromedriver                        0x000000010350a220 cxxbridge1$str$ptr + 2891948
9   chromedriver                        0x000000010350d910 cxxbridge1$str$ptr + 2906012
10  chromedriver                        0x00000001034ef5d8 cxxbridge1$str$ptr + 2782308
11  chromedriver                        0x000000010350e194 cxxbridge1$str$ptr + 2908192
12  chromedriver                        0x00000001034e0090 cxxbridge1$str$ptr + 2719516
13  chromedriver                        0x0000000103532b30 cxxbridge1$str$ptr + 3058108
14  chromedriver                        0x0000000103532cac cxxbridge1$str$ptr + 3058488
15  chromedriver                        0x0000000103543680 cxxbridge1$str$ptr + 3126540
16  libsystem_pthread.dylib             0x0000000189ac3c08 _pthread_start + 136
17  libsystem_pthread.dylib             0x0000000189abeba8 thread_start + 8

[2026-03-24T12:39:22.626977] Error processing business 7: Message: stale element reference: stale element not found in the current frame
  (Session info: chrome=146.0.7680.165); For documentation on this error, please visit: https://www.selenium.dev/documentation/webdriver/troubleshooting/errors#staleelementreferenceexception
Stacktrace:
0   chromedriver                        0x000000010354b99c cxxbridge1$str$ptr + 3160104
1   chromedriver                        0x0000000103543a28 cxxbridge1$str$ptr + 3127476
2   chromedriver                        0x0000000103017904 _RNvCskE0kXQ3GIWk_7___rustc35___rust_no_alloc_shim_is_unstable_v2 + 75036
3   chromedriver                        0x000000010301db34 _RNvCskE0kXQ3GIWk_7___rustc35___rust_no_alloc_shim_is_unstable_v2 + 100172
4   chromedriver                        0x000000010302006c _RNvCskE0kXQ3GIWk_7___rustc35___rust_no_alloc_shim_is_unstable_v2 + 109700
5   chromedriver                        0x000000010309f470 _RNvCskE0kXQ3GIWk_7___rustc35___rust_no_alloc_shim_is_unstable_v2 + 630920
6   chromedriver                        0x000000010309e4d4 _RNvCskE0kXQ3GIWk_7___rustc35___rust_no_alloc_shim_is_unstable_v2 + 626924
7   chromedriver                        0x00000001030551a0 _RNvCskE0kXQ3GIWk_7___rustc35___rust_no_alloc_shim_is_unstable_v2 + 327096
8   chromedriver                        0x000000010350a220 cxxbridge1$str$ptr + 2891948
9   chromedriver                        0x000000010350d910 cxxbridge1$str$ptr + 2906012
10  chromedriver                        0x00000001034ef5d8 cxxbridge1$str$ptr + 2782308
11  chromedriver                        0x000000010350e194 cxxbridge1$str$ptr + 2908192
12  chromedriver                        0x00000001034e0090 cxxbridge1$str$ptr + 2719516
13  chromedriver                        0x0000000103532b30 cxxbridge1$str$ptr + 3058108
14  chromedriver                        0x0000000103532cac cxxbridge1$str$ptr + 3058488
15  chromedriver                        0x0000000103543680 cxxbridge1$str$ptr + 3126540
16  libsystem_pthread.dylib             0x0000000189ac3c08 _pthread_start + 136
17  libsystem_pthread.dylib             0x0000000189abeba8 thread_start + 8

[2026-03-24T12:39:22.629899] Error processing business 8: Message: stale element reference: stale element not found in the current frame
  (Session info: chrome=146.0.7680.165); For documentation on this error, please visit: https://www.selenium.dev/documentation/webdriver/troubleshooting/errors#staleelementreferenceexception
Stacktrace:
0   chromedriver                        0x000000010354b99c cxxbridge1$str$ptr + 3160104
1   chromedriver                        0x0000000103543a28 cxxbridge1$str$ptr + 3127476
2   chromedriver                        0x0000000103017904 _RNvCskE0kXQ3GIWk_7___rustc35___rust_no_alloc_shim_is_unstable_v2 + 75036
3   chromedriver                        0x000000010301db34 _RNvCskE0kXQ3GIWk_7___rustc35___rust_no_alloc_shim_is_unstable_v2 + 100172
4   chromedriver                        0x000000010302006c _RNvCskE0kXQ3GIWk_7___rustc35___rust_no_alloc_shim_is_unstable_v2 + 109700
5   chromedriver                        0x000000010309f470 _RNvCskE0kXQ3GIWk_7___rustc35___rust_no_alloc_shim_is_unstable_v2 + 630920
6   chromedriver                        0x000000010309e4d4 _RNvCskE0kXQ3GIWk_7___rustc35___rust_no_alloc_shim_is_unstable_v2 + 626924
7   chromedriver                        0x00000001030551a0 _RNvCskE0kXQ3GIWk_7___rustc35___rust_no_alloc_shim_is_unstable_v2 + 327096
8   chromedriver                        0x000000010350a220 cxxbridge1$str$ptr + 2891948
9   chromedriver                        0x000000010350d910 cxxbridge1$str$ptr + 2906012
10  chromedriver                        0x00000001034ef5d8 cxxbridge1$str$ptr + 2782308
11  chromedriver                        0x000000010350e194 cxxbridge1$str$ptr + 2908192
12  chromedriver                        0x00000001034e0090 cxxbridge1$str$ptr + 2719516
13  chromedriver                        0x0000000103532b30 cxxbridge1$str$ptr + 3058108
14  chromedriver                        0x0000000103532cac cxxbridge1$str$ptr + 3058488
15  chromedriver                        0x0000000103543680 cxxbridge1$str$ptr + 3126540
16  libsystem_pthread.dylib             0x0000000189ac3c08 _pthread_start + 136
17  libsystem_pthread.dylib             0x0000000189abeba8 thread_start + 8

[2026-03-24T12:39:22.632716] Error processing business 9: Message: stale element reference: stale element not found in the current frame
  (Session info: chrome=146.0.7680.165); For documentation on this error, please visit: https://www.selenium.dev/documentation/webdriver/troubleshooting/errors#staleelementreferenceexception
Stacktrace:
0   chromedriver                        0x000000010354b99c cxxbridge1$str$ptr + 3160104
1   chromedriver                        0x0000000103543a28 cxxbridge1$str$ptr + 3127476
2   chromedriver                        0x0000000103017904 _RNvCskE0kXQ3GIWk_7___rustc35___rust_no_alloc_shim_is_unstable_v2 + 75036
3   chromedriver                        0x000000010301db34 _RNvCskE0kXQ3GIWk_7___rustc35___rust_no_alloc_shim_is_unstable_v2 + 100172
4   chromedriver                        0x000000010302006c _RNvCskE0kXQ3GIWk_7___rustc35___rust_no_alloc_shim_is_unstable_v2 + 109700
5   chromedriver                        0x000000010309f470 _RNvCskE0kXQ3GIWk_7___rustc35___rust_no_alloc_shim_is_unstable_v2 + 630920
6   chromedriver                        0x000000010309e4d4 _RNvCskE0kXQ3GIWk_7___rustc35___rust_no_alloc_shim_is_unstable_v2 + 626924
7   chromedriver                        0x00000001030551a0 _RNvCskE0kXQ3GIWk_7___rustc35___rust_no_alloc_shim_is_unstable_v2 + 327096
8   chromedriver                        0x000000010350a220 cxxbridge1$str$ptr + 2891948
9   chromedriver                        0x000000010350d910 cxxbridge1$str$ptr + 2906012
10  chromedriver                        0x00000001034ef5d8 cxxbridge1$str$ptr + 2782308
11  chromedriver                        0x000000010350e194 cxxbridge1$str$ptr + 2908192
12  chromedriver                        0x00000001034e0090 cxxbridge1$str$ptr + 2719516
13  chromedriver                        0x0000000103532b30 cxxbridge1$str$ptr + 3058108
14  chromedriver                        0x0000000103532cac cxxbridge1$str$ptr + 3058488
15  chromedriver                        0x0000000103543680 cxxbridge1$str$ptr + 3126540
16  libsystem_pthread.dylib             0x0000000189ac3c08 _pthread_start + 136
17  libsystem_pthread.dylib             0x0000000189abeba8 thread_start + 8

[2026-03-24T12:39:22.635476] Error processing business 10: Message: stale element reference: stale element not found in the current frame
  (Session info: chrome=146.0.7680.165); For documentation on this error, please visit: https://www.selenium.dev/documentation/webdriver/troubleshooting/errors#staleelementreferenceexception
Stacktrace:
0   chromedriver                        0x000000010354b99c cxxbridge1$str$ptr + 3160104
1   chromedriver                        0x0000000103543a28 cxxbridge1$str$ptr + 3127476
2   chromedriver                        0x0000000103017904 _RNvCskE0kXQ3GIWk_7___rustc35___rust_no_alloc_shim_is_unstable_v2 + 75036
3   chromedriver                        0x000000010301db34 _RNvCskE0kXQ3GIWk_7___rustc35___rust_no_alloc_shim_is_unstable_v2 + 100172
4   chromedriver                        0x000000010302006c _RNvCskE0kXQ3GIWk_7___rustc35___rust_no_alloc_shim_is_unstable_v2 + 109700
5   chromedriver                        0x000000010309f470 _RNvCskE0kXQ3GIWk_7___rustc35___rust_no_alloc_shim_is_unstable_v2 + 630920
6   chromedriver                        0x000000010309e4d4 _RNvCskE0kXQ3GIWk_7___rustc35___rust_no_alloc_shim_is_unstable_v2 + 626924
7   chromedriver                        0x00000001030551a0 _RNvCskE0kXQ3GIWk_7___rustc35___rust_no_alloc_shim_is_unstable_v2 + 327096
8   chromedriver                        0x000000010350a220 cxxbridge1$str$ptr + 2891948
9   chromedriver                        0x000000010350d910 cxxbridge1$str$ptr + 2906012
10  chromedriver                        0x00000001034ef5d8 cxxbridge1$str$ptr + 2782308
11  chromedriver                        0x000000010350e194 cxxbridge1$str$ptr + 2908192
12  chromedriver                        0x00000001034e0090 cxxbridge1$str$ptr + 2719516
13  chromedriver                        0x0000000103532b30 cxxbridge1$str$ptr + 3058108
14  chromedriver                        0x0000000103532cac cxxbridge1$str$ptr + 3058488
15  chromedriver                        0x0000000103543680 cxxbridge1$str$ptr + 3126540
16  libsystem_pthread.dylib             0x0000000189ac3c08 _pthread_start + 136
17  libsystem_pthread.dylib             0x0000000189abeba8 thread_start + 8

[2026-03-24T12:39:22.637891] Error processing business 11: Message: stale element reference: stale element not found in the current frame
  (Session info: chrome=146.0.7680.165); For documentation on this error, please visit: https://www.selenium.dev/documentation/webdriver/troubleshooting/errors#staleelementreferenceexception
Stacktrace:
0   chromedriver                        0x000000010354b99c cxxbridge1$str$ptr + 3160104
1   chromedriver                        0x0000000103543a28 cxxbridge1$str$ptr + 3127476
2   chromedriver                        0x0000000103017904 _RNvCskE0kXQ3GIWk_7___rustc35___rust_no_alloc_shim_is_unstable_v2 + 75036
3   chromedriver                        0x000000010301db34 _RNvCskE0kXQ3GIWk_7___rustc35___rust_no_alloc_shim_is_unstable_v2 + 100172
4   chromedriver                        0x000000010302006c _RNvCskE0kXQ3GIWk_7___rustc35___rust_no_alloc_shim_is_unstable_v2 + 109700
5   chromedriver                        0x000000010309f470 _RNvCskE0kXQ3GIWk_7___rustc35___rust_no_alloc_shim_is_unstable_v2 + 630920
6   chromedriver                        0x000000010309e4d4 _RNvCskE0kXQ3GIWk_7___rustc35___rust_no_alloc_shim_is_unstable_v2 + 626924
7   chromedriver                        0x00000001030551a0 _RNvCskE0kXQ3GIWk_7___rustc35___rust_no_alloc_shim_is_unstable_v2 + 327096
8   chromedriver                        0x000000010350a220 cxxbridge1$str$ptr + 2891948
9   chromedriver                        0x000000010350d910 cxxbridge1$str$ptr + 2906012
10  chromedriver                        0x00000001034ef5d8 cxxbridge1$str$ptr + 2782308
11  chromedriver                        0x000000010350e194 cxxbridge1$str$ptr + 2908192
12  chromedriver                        0x00000001034e0090 cxxbridge1$str$ptr + 2719516
13  chromedriver                        0x0000000103532b30 cxxbridge1$str$ptr + 3058108
14  chromedriver                        0x0000000103532cac cxxbridge1$str$ptr + 3058488
15  chromedriver                        0x0000000103543680 cxxbridge1$str$ptr + 3126540
16  libsystem_pthread.dylib             0x0000000189ac3c08 _pthread_start + 136
17  libsystem_pthread.dylib             0x0000000189abeba8 thread_start + 8

[2026-03-24T12:39:22.640301] Error processing business 12: Message: stale element reference: stale element not found in the current frame
  (Session info: chrome=146.0.7680.165); For documentation on this error, please visit: https://www.selenium.dev/documentation/webdriver/troubleshooting/errors#staleelementreferenceexception
Stacktrace:
0   chromedriver                        0x000000010354b99c cxxbridge1$str$ptr + 3160104
1   chromedriver                        0x0000000103543a28 cxxbridge1$str$ptr + 3127476
2   chromedriver                        0x0000000103017904 _RNvCskE0kXQ3GIWk_7___rustc35___rust_no_alloc_shim_is_unstable_v2 + 75036
3   chromedriver                        0x000000010301db34 _RNvCskE0kXQ3GIWk_7___rustc35___rust_no_alloc_shim_is_unstable_v2 + 100172
4   chromedriver                        0x000000010302006c _RNvCskE0kXQ3GIWk_7___rustc35___rust_no_alloc_shim_is_unstable_v2 + 109700
5   chromedriver                        0x000000010309f470 _RNvCskE0kXQ3GIWk_7___rustc35___rust_no_alloc_shim_is_unstable_v2 + 630920
6   chromedriver                        0x000000010309e4d4 _RNvCskE0kXQ3GIWk_7___rustc35___rust_no_alloc_shim_is_unstable_v2 + 626924
7   chromedriver                        0x00000001030551a0 _RNvCskE0kXQ3GIWk_7___rustc35___rust_no_alloc_shim_is_unstable_v2 + 327096
8   chromedriver                        0x000000010350a220 cxxbridge1$str$ptr + 2891948
9   chromedriver                        0x000000010350d910 cxxbridge1$str$ptr + 2906012
10  chromedriver                        0x00000001034ef5d8 cxxbridge1$str$ptr + 2782308
11  chromedriver                        0x000000010350e194 cxxbridge1$str$ptr + 2908192
12  chromedriver                        0x00000001034e0090 cxxbridge1$str$ptr + 2719516
13  chromedriver                        0x0000000103532b30 cxxbridge1$str$ptr + 3058108
14  chromedriver                        0x0000000103532cac cxxbridge1$str$ptr + 3058488
15  chromedriver                        0x0000000103543680 cxxbridge1$str$ptr + 3126540
16  libsystem_pthread.dylib             0x0000000189ac3c08 _pthread_start + 136
17  libsystem_pthread.dylib             0x0000000189abeba8 thread_start + 8

[2026-03-24T12:39:22.642925] Error processing business 13: Message: stale element reference: stale element not found in the current frame
  (Session info: chrome=146.0.7680.165); For documentation on this error, please visit: https://www.selenium.dev/documentation/webdriver/troubleshooting/errors#staleelementreferenceexception
Stacktrace:
0   chromedriver                        0x000000010354b99c cxxbridge1$str$ptr + 3160104
1   chromedriver                        0x0000000103543a28 cxxbridge1$str$ptr + 3127476
2   chromedriver                        0x0000000103017904 _RNvCskE0kXQ3GIWk_7___rustc35___rust_no_alloc_shim_is_unstable_v2 + 75036
3   chromedriver                        0x000000010301db34 _RNvCskE0kXQ3GIWk_7___rustc35___rust_no_alloc_shim_is_unstable_v2 + 100172
4   chromedriver                        0x000000010302006c _RNvCskE0kXQ3GIWk_7___rustc35___rust_no_alloc_shim_is_unstable_v2 + 109700
5   chromedriver                        0x000000010309f470 _RNvCskE0kXQ3GIWk_7___rustc35___rust_no_alloc_shim_is_unstable_v2 + 630920
6   chromedriver                        0x000000010309e4d4 _RNvCskE0kXQ3GIWk_7___rustc35___rust_no_alloc_shim_is_unstable_v2 + 626924
7   chromedriver                        0x00000001030551a0 _RNvCskE0kXQ3GIWk_7___rustc35___rust_no_alloc_shim_is_unstable_v2 + 327096
8   chromedriver                        0x000000010350a220 cxxbridge1$str$ptr + 2891948
9   chromedriver                        0x000000010350d910 cxxbridge1$str$ptr + 2906012
10  chromedriver                        0x00000001034ef5d8 cxxbridge1$str$ptr + 2782308
11  chromedriver                        0x000000010350e194 cxxbridge1$str$ptr + 2908192
12  chromedriver                        0x00000001034e0090 cxxbridge1$str$ptr + 2719516
13  chromedriver                        0x0000000103532b30 cxxbridge1$str$ptr + 3058108
14  chromedriver                        0x0000000103532cac cxxbridge1$str$ptr + 3058488
15  chromedriver                        0x0000000103543680 cxxbridge1$str$ptr + 3126540
16  libsystem_pthread.dylib             0x0000000189ac3c08 _pthread_start + 136
17  libsystem_pthread.dylib             0x0000000189abeba8 thread_start + 8

[2026-03-24T12:39:22.645312] Error processing business 14: Message: stale element reference: stale element not found in the current frame
  (Session info: chrome=146.0.7680.165); For documentation on this error, please visit: https://www.selenium.dev/documentation/webdriver/troubleshooting/errors#staleelementreferenceexception
Stacktrace:
0   chromedriver                        0x000000010354b99c cxxbridge1$str$ptr + 3160104
1   chromedriver                        0x0000000103543a28 cxxbridge1$str$ptr + 3127476
2   chromedriver                        0x0000000103017904 _RNvCskE0kXQ3GIWk_7___rustc35___rust_no_alloc_shim_is_unstable_v2 + 75036
3   chromedriver                        0x000000010301db34 _RNvCskE0kXQ3GIWk_7___rustc35___rust_no_alloc_shim_is_unstable_v2 + 100172
4   chromedriver                        0x000000010302006c _RNvCskE0kXQ3GIWk_7___rustc35___rust_no_alloc_shim_is_unstable_v2 + 109700
5   chromedriver                        0x000000010309f470 _RNvCskE0kXQ3GIWk_7___rustc35___rust_no_alloc_shim_is_unstable_v2 + 630920
6   chromedriver                        0x000000010309e4d4 _RNvCskE0kXQ3GIWk_7___rustc35___rust_no_alloc_shim_is_unstable_v2 + 626924
7   chromedriver                        0x00000001030551a0 _RNvCskE0kXQ3GIWk_7___rustc35___rust_no_alloc_shim_is_unstable_v2 + 327096
8   chromedriver                        0x000000010350a220 cxxbridge1$str$ptr + 2891948
9   chromedriver                        0x000000010350d910 cxxbridge1$str$ptr + 2906012
10  chromedriver                        0x00000001034ef5d8 cxxbridge1$str$ptr + 2782308
11  chromedriver                        0x000000010350e194 cxxbridge1$str$ptr + 2908192
12  chromedriver                        0x00000001034e0090 cxxbridge1$str$ptr + 2719516
13  chromedriver                        0x0000000103532b30 cxxbridge1$str$ptr + 3058108
14  chromedriver                        0x0000000103532cac cxxbridge1$str$ptr + 3058488
15  chromedriver                        0x0000000103543680 cxxbridge1$str$ptr + 3126540
16  libsystem_pthread.dylib             0x0000000189ac3c08 _pthread_start + 136
17  libsystem_pthread.dylib             0x0000000189abeba8 thread_start + 8

[2026-03-24T12:39:22.645957] ⏳ Waiting 16.3s before next search...
[2026-03-24T12:39:39.008665] Searching: property management companies in Holly Springs, NC
[2026-03-24T12:39:59.974711] Found 14 business listings
[2026-03-24T12:40:02.305987] ✓ Extracted: Henry Property Management, LLC (info@www.henrypropertymanagement.com)
[2026-03-24T12:40:03.756831] Error processing business 1: Message: stale element reference: stale element not found in the current frame
  (Session info: chrome=146.0.7680.165); For documentation on this error, please visit: https://www.selenium.dev/documentation/webdriver/troubleshooting/errors#staleelementreferenceexception
Stacktrace:
0   chromedriver                        0x000000010354b99c cxxbridge1$str$ptr + 3160104
1   chromedriver                        0x0000000103543a28 cxxbridge1$str$ptr + 3127476
2   chromedriver                        0x0000000103017904 _RNvCskE0kXQ3GIWk_7___rustc35___rust_no_alloc_shim_is_unstable_v2 + 75036
3   chromedriver                        0x000000010301db34 _RNvCskE0kXQ3GIWk_7___rustc35___rust_no_alloc_shim_is_unstable_v2 + 100172
4   chromedriver                        0x000000010302006c _RNvCskE0kXQ3GIWk_7___rustc35___rust_no_alloc_shim_is_unstable_v2 + 109700
5   chromedriver                        0x000000010309f470 _RNvCskE0kXQ3GIWk_7___rustc35___rust_no_alloc_shim_is_unstable_v2 + 630920
6   chromedriver                        0x000000010309e4d4 _RNvCskE0kXQ3GIWk_7___rustc35___rust_no_alloc_shim_is_unstable_v2 + 626924
7   chromedriver                        0x00000001030551a0 _RNvCskE0kXQ3GIWk_7___rustc35___rust_no_alloc_shim_is_unstable_v2 + 327096
8   chromedriver                        0x000000010350a220 cxxbridge1$str$ptr + 2891948
9   chromedriver                        0x000000010350d910 cxxbridge1$str$ptr + 2906012
10  chromedriver                        0x00000001034ef5d8 cxxbridge1$str$ptr + 2782308
11  chromedriver                        0x000000010350e194 cxxbridge1$str$ptr + 2908192
12  chromedriver                        0x00000001034e0090 cxxbridge1$str$ptr + 2719516
13  chromedriver                        0x0000000103532b30 cxxbridge1$str$ptr + 3058108
14  chromedriver                        0x0000000103532cac cxxbridge1$str$ptr + 3058488
15  chromedriver                        0x0000000103543680 cxxbridge1$str$ptr + 3126540
16  libsystem_pthread.dylib             0x0000000189ac3c08 _pthread_start + 136
17  libsystem_pthread.dylib             0x0000000189abeba8 thread_start + 8

[2026-03-24T12:40:03.763727] Error processing business 2: Message: stale element reference: stale element not found in the current frame
  (Session info: chrome=146.0.7680.165); For documentation on this error, please visit: https://www.selenium.dev/documentation/webdriver/troubleshooting/errors#staleelementreferenceexception
Stacktrace:
0   chromedriver                        0x000000010354b99c cxxbridge1$str$ptr + 3160104
1   chromedriver                        0x0000000103543a28 cxxbridge1$str$ptr + 3127476
2   chromedriver                        0x0000000103017904 _RNvCskE0kXQ3GIWk_7___rustc35___rust_no_alloc_shim_is_unstable_v2 + 75036
3   chromedriver                        0x000000010301db34 _RNvCskE0kXQ3GIWk_7___rustc35___rust_no_alloc_shim_is_unstable_v2 + 100172
4   chromedriver                        0x000000010302006c _RNvCskE0kXQ3GIWk_7___rustc35___rust_no_alloc_shim_is_unstable_v2 + 109700
5   chromedriver                        0x000000010309f470 _RNvCskE0kXQ3GIWk_7___rustc35___rust_no_alloc_shim_is_unstable_v2 + 630920
6   chromedriver                        0x000000010309e4d4 _RNvCskE0kXQ3GIWk_7___rustc35___rust_no_alloc_shim_is_unstable_v2 + 626924
7   chromedriver                        0x00000001030551a0 _RNvCskE0kXQ3GIWk_7___rustc35___rust_no_alloc_shim_is_unstable_v2 + 327096
8   chromedriver                        0x000000010350a220 cxxbridge1$str$ptr + 2891948
9   chromedriver                        0x000000010350d910 cxxbridge1$str$ptr + 2906012
10  chromedriver                        0x00000001034ef5d8 cxxbridge1$str$ptr + 2782308
11  chromedriver                        0x000000010350e194 cxxbridge1$str$ptr + 2908192
12  chromedriver                        0x00000001034e0090 cxxbridge1$str$ptr + 2719516
13  chromedriver                        0x0000000103532b30 cxxbridge1$str$ptr + 3058108
14  chromedriver                        0x0000000103532cac cxxbridge1$str$ptr + 3058488
15  chromedriver                        0x0000000103543680 cxxbridge1$str$ptr + 3126540
16  libsystem_pthread.dylib             0x0000000189ac3c08 _pthread_start + 136
17  libsystem_pthread.dylib             0x0000000189abeba8 thread_start + 8

[2026-03-24T12:40:03.769699] Error processing business 3: Message: stale element reference: stale element not found in the current frame
  (Session info: chrome=146.0.7680.165); For documentation on this error, please visit: https://www.selenium.dev/documentation/webdriver/troubleshooting/errors#staleelementreferenceexception
Stacktrace:
0   chromedriver                        0x000000010354b99c cxxbridge1$str$ptr + 3160104
1   chromedriver                        0x0000000103543a28 cxxbridge1$str$ptr + 3127476
2   chromedriver                        0x0000000103017904 _RNvCskE0kXQ3GIWk_7___rustc35___rust_no_alloc_shim_is_unstable_v2 + 75036
3   chromedriver                        0x000000010301db34 _RNvCskE0kXQ3GIWk_7___rustc35___rust_no_alloc_shim_is_unstable_v2 + 100172
4   chromedriver                        0x000000010302006c _RNvCskE0kXQ3GIWk_7___rustc35___rust_no_alloc_shim_is_unstable_v2 + 109700
5   chromedriver                        0x000000010309f470 _RNvCskE0kXQ3GIWk_7___rustc35___rust_no_alloc_shim_is_unstable_v2 + 630920
6   chromedriver                        0x000000010309e4d4 _RNvCskE0kXQ3GIWk_7___rustc35___rust_no_alloc_shim_is_unstable_v2 + 626924
7   chromedriver                        0x00000001030551a0 _RNvCskE0kXQ3GIWk_7___rustc35___rust_no_alloc_shim_is_unstable_v2 + 327096
8   chromedriver                        0x000000010350a220 cxxbridge1$str$ptr + 2891948
9   chromedriver                        0x000000010350d910 cxxbridge1$str$ptr + 2906012
10  chromedriver                        0x00000001034ef5d8 cxxbridge1$str$ptr + 2782308
11  chromedriver                        0x000000010350e194 cxxbridge1$str$ptr + 2908192
12  chromedriver                        0x00000001034e0090 cxxbridge1$str$ptr + 2719516
13  chromedriver                        0x0000000103532b30 cxxbridge1$str$ptr + 3058108
14  chromedriver                        0x0000000103532cac cxxbridge1$str$ptr + 3058488
15  chromedriver                        0x0000000103543680 cxxbridge1$str$ptr + 3126540
16  libsystem_pthread.dylib             0x0000000189ac3c08 _pthread_start + 136
17  libsystem_pthread.dylib             0x0000000189abeba8 thread_start + 8

[2026-03-24T12:40:03.774235] Error processing business 4: Message: stale element reference: stale element not found in the current frame
  (Session info: chrome=146.0.7680.165); For documentation on this error, please visit: https://www.selenium.dev/documentation/webdriver/troubleshooting/errors#staleelementreferenceexception
Stacktrace:
0   chromedriver                        0x000000010354b99c cxxbridge1$str$ptr + 3160104
1   chromedriver                        0x0000000103543a28 cxxbridge1$str$ptr + 3127476
2   chromedriver                        0x0000000103017904 _RNvCskE0kXQ3GIWk_7___rustc35___rust_no_alloc_shim_is_unstable_v2 + 75036
3   chromedriver                        0x000000010301db34 _RNvCskE0kXQ3GIWk_7___rustc35___rust_no_alloc_shim_is_unstable_v2 + 100172
4   chromedriver                        0x000000010302006c _RNvCskE0kXQ3GIWk_7___rustc35___rust_no_alloc_shim_is_unstable_v2 + 109700
5   chromedriver                        0x000000010309f470 _RNvCskE0kXQ3GIWk_7___rustc35___rust_no_alloc_shim_is_unstable_v2 + 630920
6   chromedriver                        0x000000010309e4d4 _RNvCskE0kXQ3GIWk_7___rustc35___rust_no_alloc_shim_is_unstable_v2 + 626924
7   chromedriver                        0x00000001030551a0 _RNvCskE0kXQ3GIWk_7___rustc35___rust_no_alloc_shim_is_unstable_v2 + 327096
8   chromedriver                        0x000000010350a220 cxxbridge1$str$ptr + 2891948
9   chromedriver                        0x000000010350d910 cxxbridge1$str$ptr + 2906012
10  chromedriver                        0x00000001034ef5d8 cxxbridge1$str$ptr + 2782308
11  chromedriver                        0x000000010350e194 cxxbridge1$str$ptr + 2908192
12  chromedriver                        0x00000001034e0090 cxxbridge1$str$ptr + 2719516
13  chromedriver                        0x0000000103532b30 cxxbridge1$str$ptr + 3058108
14  chromedriver                        0x0000000103532cac cxxbridge1$str$ptr + 3058488
15  chromedriver                        0x0000000103543680 cxxbridge1$str$ptr + 3126540
16  libsystem_pthread.dylib             0x0000000189ac3c08 _pthread_start + 136
17  libsystem_pthread.dylib             0x0000000189abeba8 thread_start + 8

[2026-03-24T12:40:03.778446] Error processing business 5: Message: stale element reference: stale element not found in the current frame
  (Session info: chrome=146.0.7680.165); For documentation on this error, please visit: https://www.selenium.dev/documentation/webdriver/troubleshooting/errors#staleelementreferenceexception
Stacktrace:
0   chromedriver                        0x000000010354b99c cxxbridge1$str$ptr + 3160104
1   chromedriver                        0x0000000103543a28 cxxbridge1$str$ptr + 3127476
2   chromedriver                        0x0000000103017904 _RNvCskE0kXQ3GIWk_7___rustc35___rust_no_alloc_shim_is_unstable_v2 + 75036
3   chromedriver                        0x000000010301db34 _RNvCskE0kXQ3GIWk_7___rustc35___rust_no_alloc_shim_is_unstable_v2 + 100172
4   chromedriver                        0x000000010302006c _RNvCskE0kXQ3GIWk_7___rustc35___rust_no_alloc_shim_is_unstable_v2 + 109700
5   chromedriver                        0x000000010309f470 _RNvCskE0kXQ3GIWk_7___rustc35___rust_no_alloc_shim_is_unstable_v2 + 630920
6   chromedriver                        0x000000010309e4d4 _RNvCskE0kXQ3GIWk_7___rustc35___rust_no_alloc_shim_is_unstable_v2 + 626924
7   chromedriver                        0x00000001030551a0 _RNvCskE0kXQ3GIWk_7___rustc35___rust_no_alloc_shim_is_unstable_v2 + 327096
8   chromedriver                        0x000000010350a220 cxxbridge1$str$ptr + 2891948
9   chromedriver                        0x000000010350d910 cxxbridge1$str$ptr + 2906012
10  chromedriver                        0x00000001034ef5d8 cxxbridge1$str$ptr + 2782308
11  chromedriver                        0x000000010350e194 cxxbridge1$str$ptr + 2908192
12  chromedriver                        0x00000001034e0090 cxxbridge1$str$ptr + 2719516
13  chromedriver                        0x0000000103532b30 cxxbridge1$str$ptr + 3058108
14  chromedriver                        0x0000000103532cac cxxbridge1$str$ptr + 3058488
15  chromedriver                        0x0000000103543680 cxxbridge1$str$ptr + 3126540
16  libsystem_pthread.dylib             0x0000000189ac3c08 _pthread_start + 136
17  libsystem_pthread.dylib             0x0000000189abeba8 thread_start + 8

[2026-03-24T12:40:03.781655] Error processing business 6: Message: stale element reference: stale element not found in the current frame
  (Session info: chrome=146.0.7680.165); For documentation on this error, please visit: https://www.selenium.dev/documentation/webdriver/troubleshooting/errors#staleelementreferenceexception
Stacktrace:
0   chromedriver                        0x000000010354b99c cxxbridge1$str$ptr + 3160104
1   chromedriver                        0x0000000103543a28 cxxbridge1$str$ptr + 3127476
2   chromedriver                        0x0000000103017904 _RNvCskE0kXQ3GIWk_7___rustc35___rust_no_alloc_shim_is_unstable_v2 + 75036
3   chromedriver                        0x000000010301db34 _RNvCskE0kXQ3GIWk_7___rustc35___rust_no_alloc_shim_is_unstable_v2 + 100172
4   chromedriver                        0x000000010302006c _RNvCskE0kXQ3GIWk_7___rustc35___rust_no_alloc_shim_is_unstable_v2 + 109700
5   chromedriver                        0x000000010309f470 _RNvCskE0kXQ3GIWk_7___rustc35___rust_no_alloc_shim_is_unstable_v2 + 630920
6   chromedriver                        0x000000010309e4d4 _RNvCskE0kXQ3GIWk_7___rustc35___rust_no_alloc_shim_is_unstable_v2 + 626924
7   chromedriver                        0x00000001030551a0 _RNvCskE0kXQ3GIWk_7___rustc35___rust_no_alloc_shim_is_unstable_v2 + 327096
8   chromedriver                        0x000000010350a220 cxxbridge1$str$ptr + 2891948
9   chromedriver                        0x000000010350d910 cxxbridge1$str$ptr + 2906012
10  chromedriver                        0x00000001034ef5d8 cxxbridge1$str$ptr + 2782308
11  chromedriver                        0x000000010350e194 cxxbridge1$str$ptr + 2908192
12  chromedriver                        0x00000001034e0090 cxxbridge1$str$ptr + 2719516
13  chromedriver                        0x0000000103532b30 cxxbridge1$str$ptr + 3058108
14  chromedriver                        0x0000000103532cac cxxbridge1$str$ptr + 3058488
15  chromedriver                        0x0000000103543680 cxxbridge1$str$ptr + 3126540
16  libsystem_pthread.dylib             0x0000000189ac3c08 _pthread_start + 136
17  libsystem_pthread.dylib             0x0000000189abeba8 thread_start + 8

[2026-03-24T12:40:03.784937] Error processing business 7: Message: stale element reference: stale element not found in the current frame
  (Session info: chrome=146.0.7680.165); For documentation on this error, please visit: https://www.selenium.dev/documentation/webdriver/troubleshooting/errors#staleelementreferenceexception
Stacktrace:
0   chromedriver                        0x000000010354b99c cxxbridge1$str$ptr + 3160104
1   chromedriver                        0x0000000103543a28 cxxbridge1$str$ptr + 3127476
2   chromedriver                        0x0000000103017904 _RNvCskE0kXQ3GIWk_7___rustc35___rust_no_alloc_shim_is_unstable_v2 + 75036
3   chromedriver                        0x000000010301db34 _RNvCskE0kXQ3GIWk_7___rustc35___rust_no_alloc_shim_is_unstable_v2 + 100172
4   chromedriver                        0x000000010302006c _RNvCskE0kXQ3GIWk_7___rustc35___rust_no_alloc_shim_is_unstable_v2 + 109700
5   chromedriver                        0x000000010309f470 _RNvCskE0kXQ3GIWk_7___rustc35___rust_no_alloc_shim_is_unstable_v2 + 630920
6   chromedriver                        0x000000010309e4d4 _RNvCskE0kXQ3GIWk_7___rustc35___rust_no_alloc_shim_is_unstable_v2 + 626924
7   chromedriver                        0x00000001030551a0 _RNvCskE0kXQ3GIWk_7___rustc35___rust_no_alloc_shim_is_unstable_v2 + 327096
8   chromedriver                        0x000000010350a220 cxxbridge1$str$ptr + 2891948
9   chromedriver                        0x000000010350d910 cxxbridge1$str$ptr + 2906012
10  chromedriver                        0x00000001034ef5d8 cxxbridge1$str$ptr + 2782308
11  chromedriver                        0x000000010350e194 cxxbridge1$str$ptr + 2908192
12  chromedriver                        0x00000001034e0090 cxxbridge1$str$ptr + 2719516
13  chromedriver                        0x0000000103532b30 cxxbridge1$str$ptr + 3058108
14  chromedriver                        0x0000000103532cac cxxbridge1$str$ptr + 3058488
15  chromedriver                        0x0000000103543680 cxxbridge1$str$ptr + 3126540
16  libsystem_pthread.dylib             0x0000000189ac3c08 _pthread_start + 136
17  libsystem_pthread.dylib             0x0000000189abeba8 thread_start + 8

[2026-03-24T12:40:03.787607] Error processing business 8: Message: stale element reference: stale element not found in the current frame
  (Session info: chrome=146.0.7680.165); For documentation on this error, please visit: https://www.selenium.dev/documentation/webdriver/troubleshooting/errors#staleelementreferenceexception
Stacktrace:
0   chromedriver                        0x000000010354b99c cxxbridge1$str$ptr + 3160104
1   chromedriver                        0x0000000103543a28 cxxbridge1$str$ptr + 3127476
2   chromedriver                        0x0000000103017904 _RNvCskE0kXQ3GIWk_7___rustc35___rust_no_alloc_shim_is_unstable_v2 + 75036
3   chromedriver                        0x000000010301db34 _RNvCskE0kXQ3GIWk_7___rustc35___rust_no_alloc_shim_is_unstable_v2 + 100172
4   chromedriver                        0x000000010302006c _RNvCskE0kXQ3GIWk_7___rustc35___rust_no_alloc_shim_is_unstable_v2 + 109700
5   chromedriver                        0x000000010309f470 _RNvCskE0kXQ3GIWk_7___rustc35___rust_no_alloc_shim_is_unstable_v2 + 630920
6   chromedriver                        0x000000010309e4d4 _RNvCskE0kXQ3GIWk_7___rustc35___rust_no_alloc_shim_is_unstable_v2 + 626924
7   chromedriver                        0x00000001030551a0 _RNvCskE0kXQ3GIWk_7___rustc35___rust_no_alloc_shim_is_unstable_v2 + 327096
8   chromedriver                        0x000000010350a220 cxxbridge1$str$ptr + 2891948
9   chromedriver                        0x000000010350d910 cxxbridge1$str$ptr + 2906012
10  chromedriver                        0x00000001034ef5d8 cxxbridge1$str$ptr + 2782308
11  chromedriver                        0x000000010350e194 cxxbridge1$str$ptr + 2908192
12  chromedriver                        0x00000001034e0090 cxxbridge1$str$ptr + 2719516
13  chromedriver                        0x0000000103532b30 cxxbridge1$str$ptr + 3058108
14  chromedriver                        0x0000000103532cac cxxbridge1$str$ptr + 3058488
15  chromedriver                        0x0000000103543680 cxxbridge1$str$ptr + 3126540
16  libsystem_pthread.dylib             0x0000000189ac3c08 _pthread_start + 136
17  libsystem_pthread.dylib             0x0000000189abeba8 thread_start + 8

[2026-03-24T12:40:03.790353] Error processing business 9: Message: stale element reference: stale element not found in the current frame
  (Session info: chrome=146.0.7680.165); For documentation on this error, please visit: https://www.selenium.dev/documentation/webdriver/troubleshooting/errors#staleelementreferenceexception
Stacktrace:
0   chromedriver                        0x000000010354b99c cxxbridge1$str$ptr + 3160104
1   chromedriver                        0x0000000103543a28 cxxbridge1$str$ptr + 3127476
2   chromedriver                        0x0000000103017904 _RNvCskE0kXQ3GIWk_7___rustc35___rust_no_alloc_shim_is_unstable_v2 + 75036
3   chromedriver                        0x000000010301db34 _RNvCskE0kXQ3GIWk_7___rustc35___rust_no_alloc_shim_is_unstable_v2 + 100172
4   chromedriver                        0x000000010302006c _RNvCskE0kXQ3GIWk_7___rustc35___rust_no_alloc_shim_is_unstable_v2 + 109700
5   chromedriver                        0x000000010309f470 _RNvCskE0kXQ3GIWk_7___rustc35___rust_no_alloc_shim_is_unstable_v2 + 630920
6   chromedriver                        0x000000010309e4d4 _RNvCskE0kXQ3GIWk_7___rustc35___rust_no_alloc_shim_is_unstable_v2 + 626924
7   chromedriver                        0x00000001030551a0 _RNvCskE0kXQ3GIWk_7___rustc35___rust_no_alloc_shim_is_unstable_v2 + 327096
8   chromedriver                        0x000000010350a220 cxxbridge1$str$ptr + 2891948
9   chromedriver                        0x000000010350d910 cxxbridge1$str$ptr + 2906012
10  chromedriver                        0x00000001034ef5d8 cxxbridge1$str$ptr + 2782308
11  chromedriver                        0x000000010350e194 cxxbridge1$str$ptr + 2908192
12  chromedriver                        0x00000001034e0090 cxxbridge1$str$ptr + 2719516
13  chromedriver                        0x0000000103532b30 cxxbridge1$str$ptr + 3058108
14  chromedriver                        0x0000000103532cac cxxbridge1$str$ptr + 3058488
15  chromedriver                        0x0000000103543680 cxxbridge1$str$ptr + 3126540
16  libsystem_pthread.dylib             0x0000000189ac3c08 _pthread_start + 136
17  libsystem_pthread.dylib             0x0000000189abeba8 thread_start + 8

[2026-03-24T12:40:03.793260] Error processing business 10: Message: stale element reference: stale element not found in the current frame
  (Session info: chrome=146.0.7680.165); For documentation on this error, please visit: https://www.selenium.dev/documentation/webdriver/troubleshooting/errors#staleelementreferenceexception
Stacktrace:
0   chromedriver                        0x000000010354b99c cxxbridge1$str$ptr + 3160104
1   chromedriver                        0x0000000103543a28 cxxbridge1$str$ptr + 3127476
2   chromedriver                        0x0000000103017904 _RNvCskE0kXQ3GIWk_7___rustc35___rust_no_alloc_shim_is_unstable_v2 + 75036
3   chromedriver                        0x000000010301db34 _RNvCskE0kXQ3GIWk_7___rustc35___rust_no_alloc_shim_is_unstable_v2 + 100172
4   chromedriver                        0x000000010302006c _RNvCskE0kXQ3GIWk_7___rustc35___rust_no_alloc_shim_is_unstable_v2 + 109700
5   chromedriver                        0x000000010309f470 _RNvCskE0kXQ3GIWk_7___rustc35___rust_no_alloc_shim_is_unstable_v2 + 630920
6   chromedriver                        0x000000010309e4d4 _RNvCskE0kXQ3GIWk_7___rustc35___rust_no_alloc_shim_is_unstable_v2 + 626924
7   chromedriver                        0x00000001030551a0 _RNvCskE0kXQ3GIWk_7___rustc35___rust_no_alloc_shim_is_unstable_v2 + 327096
8   chromedriver                        0x000000010350a220 cxxbridge1$str$ptr + 2891948
9   chromedriver                        0x000000010350d910 cxxbridge1$str$ptr + 2906012
10  chromedriver                        0x00000001034ef5d8 cxxbridge1$str$ptr + 2782308
11  chromedriver                        0x000000010350e194 cxxbridge1$str$ptr + 2908192
12  chromedriver                        0x00000001034e0090 cxxbridge1$str$ptr + 2719516
13  chromedriver                        0x0000000103532b30 cxxbridge1$str$ptr + 3058108
14  chromedriver                        0x0000000103532cac cxxbridge1$str$ptr + 3058488
15  chromedriver                        0x0000000103543680 cxxbridge1$str$ptr + 3126540
16  libsystem_pthread.dylib             0x0000000189ac3c08 _pthread_start + 136
17  libsystem_pthread.dylib             0x0000000189abeba8 thread_start + 8

[2026-03-24T12:40:03.795748] Error processing business 11: Message: stale element reference: stale element not found in the current frame
  (Session info: chrome=146.0.7680.165); For documentation on this error, please visit: https://www.selenium.dev/documentation/webdriver/troubleshooting/errors#staleelementreferenceexception
Stacktrace:
0   chromedriver                        0x000000010354b99c cxxbridge1$str$ptr + 3160104
1   chromedriver                        0x0000000103543a28 cxxbridge1$str$ptr + 3127476
2   chromedriver                        0x0000000103017904 _RNvCskE0kXQ3GIWk_7___rustc35___rust_no_alloc_shim_is_unstable_v2 + 75036
3   chromedriver                        0x000000010301db34 _RNvCskE0kXQ3GIWk_7___rustc35___rust_no_alloc_shim_is_unstable_v2 + 100172
4   chromedriver                        0x000000010302006c _RNvCskE0kXQ3GIWk_7___rustc35___rust_no_alloc_shim_is_unstable_v2 + 109700
5   chromedriver                        0x000000010309f470 _RNvCskE0kXQ3GIWk_7___rustc35___rust_no_alloc_shim_is_unstable_v2 + 630920
6   chromedriver                        0x000000010309e4d4 _RNvCskE0kXQ3GIWk_7___rustc35___rust_no_alloc_shim_is_unstable_v2 + 626924
7   chromedriver                        0x00000001030551a0 _RNvCskE0kXQ3GIWk_7___rustc35___rust_no_alloc_shim_is_unstable_v2 + 327096
8   chromedriver                        0x000000010350a220 cxxbridge1$str$ptr + 2891948
9   chromedriver                        0x000000010350d910 cxxbridge1$str$ptr + 2906012
10  chromedriver                        0x00000001034ef5d8 cxxbridge1$str$ptr + 2782308
11  chromedriver                        0x000000010350e194 cxxbridge1$str$ptr + 2908192
12  chromedriver                        0x00000001034e0090 cxxbridge1$str$ptr + 2719516
13  chromedriver                        0x0000000103532b30 cxxbridge1$str$ptr + 3058108
14  chromedriver                        0x0000000103532cac cxxbridge1$str$ptr + 3058488
15  chromedriver                        0x0000000103543680 cxxbridge1$str$ptr + 3126540
16  libsystem_pthread.dylib             0x0000000189ac3c08 _pthread_start + 136
17  libsystem_pthread.dylib             0x0000000189abeba8 thread_start + 8

[2026-03-24T12:40:03.798214] Error processing business 12: Message: stale element reference: stale element not found in the current frame
  (Session info: chrome=146.0.7680.165); For documentation on this error, please visit: https://www.selenium.dev/documentation/webdriver/troubleshooting/errors#staleelementreferenceexception
Stacktrace:
0   chromedriver                        0x000000010354b99c cxxbridge1$str$ptr + 3160104
1   chromedriver                        0x0000000103543a28 cxxbridge1$str$ptr + 3127476
2   chromedriver                        0x0000000103017904 _RNvCskE0kXQ3GIWk_7___rustc35___rust_no_alloc_shim_is_unstable_v2 + 75036
3   chromedriver                        0x000000010301db34 _RNvCskE0kXQ3GIWk_7___rustc35___rust_no_alloc_shim_is_unstable_v2 + 100172
4   chromedriver                        0x000000010302006c _RNvCskE0kXQ3GIWk_7___rustc35___rust_no_alloc_shim_is_unstable_v2 + 109700
5   chromedriver                        0x000000010309f470 _RNvCskE0kXQ3GIWk_7___rustc35___rust_no_alloc_shim_is_unstable_v2 + 630920
6   chromedriver                        0x000000010309e4d4 _RNvCskE0kXQ3GIWk_7___rustc35___rust_no_alloc_shim_is_unstable_v2 + 626924
7   chromedriver                        0x00000001030551a0 _RNvCskE0kXQ3GIWk_7___rustc35___rust_no_alloc_shim_is_unstable_v2 + 327096
8   chromedriver                        0x000000010350a220 cxxbridge1$str$ptr + 2891948
9   chromedriver                        0x000000010350d910 cxxbridge1$str$ptr + 2906012
10  chromedriver                        0x00000001034ef5d8 cxxbridge1$str$ptr + 2782308
11  chromedriver                        0x000000010350e194 cxxbridge1$str$ptr + 2908192
12  chromedriver                        0x00000001034e0090 cxxbridge1$str$ptr + 2719516
13  chromedriver                        0x0000000103532b30 cxxbridge1$str$ptr + 3058108
14  chromedriver                        0x0000000103532cac cxxbridge1$str$ptr + 3058488
15  chromedriver                        0x0000000103543680 cxxbridge1$str$ptr + 3126540
16  libsystem_pthread.dylib             0x0000000189ac3c08 _pthread_start + 136
17  libsystem_pthread.dylib             0x0000000189abeba8 thread_start + 8

[2026-03-24T12:40:03.801018] Error processing business 13: Message: stale element reference: stale element not found in the current frame
  (Session info: chrome=146.0.7680.165); For documentation on this error, please visit: https://www.selenium.dev/documentation/webdriver/troubleshooting/errors#staleelementreferenceexception
Stacktrace:
0   chromedriver                        0x000000010354b99c cxxbridge1$str$ptr + 3160104
1   chromedriver                        0x0000000103543a28 cxxbridge1$str$ptr + 3127476
2   chromedriver                        0x0000000103017904 _RNvCskE0kXQ3GIWk_7___rustc35___rust_no_alloc_shim_is_unstable_v2 + 75036
3   chromedriver                        0x000000010301db34 _RNvCskE0kXQ3GIWk_7___rustc35___rust_no_alloc_shim_is_unstable_v2 + 100172
4   chromedriver                        0x000000010302006c _RNvCskE0kXQ3GIWk_7___rustc35___rust_no_alloc_shim_is_unstable_v2 + 109700
5   chromedriver                        0x000000010309f470 _RNvCskE0kXQ3GIWk_7___rustc35___rust_no_alloc_shim_is_unstable_v2 + 630920
6   chromedriver                        0x000000010309e4d4 _RNvCskE0kXQ3GIWk_7___rustc35___rust_no_alloc_shim_is_unstable_v2 + 626924
7   chromedriver                        0x00000001030551a0 _RNvCskE0kXQ3GIWk_7___rustc35___rust_no_alloc_shim_is_unstable_v2 + 327096
8   chromedriver                        0x000000010350a220 cxxbridge1$str$ptr + 2891948
9   chromedriver                        0x000000010350d910 cxxbridge1$str$ptr + 2906012
10  chromedriver                        0x00000001034ef5d8 cxxbridge1$str$ptr + 2782308
11  chromedriver                        0x000000010350e194 cxxbridge1$str$ptr + 2908192
12  chromedriver                        0x00000001034e0090 cxxbridge1$str$ptr + 2719516
13  chromedriver                        0x0000000103532b30 cxxbridge1$str$ptr + 3058108
14  chromedriver                        0x0000000103532cac cxxbridge1$str$ptr + 3058488
15  chromedriver                        0x0000000103543680 cxxbridge1$str$ptr + 3126540
16  libsystem_pthread.dylib             0x0000000189ac3c08 _pthread_start + 136
17  libsystem_pthread.dylib             0x0000000189abeba8 thread_start + 8

[2026-03-24T12:40:03.801955] ✅ Saved 1 contacts to property-managers.csv
[2026-03-24T12:40:03.802720] ⏳ Waiting 13.9s before next search...
[2026-03-24T12:40:17.810866] Searching: rental property managers in Holly Springs, NC
[2026-03-24T12:40:38.725980] Found 30 business listings
[2026-03-24T12:40:41.413868] ✓ Extracted: Denzy Properties (info@www.denzyproperties.com)
[2026-03-24T12:40:43.252119] Error processing business 1: Message: stale element reference: stale element not found in the current frame
  (Session info: chrome=146.0.7680.165); For documentation on this error, please visit: https://www.selenium.dev/documentation/webdriver/troubleshooting/errors#staleelementreferenceexception
Stacktrace:
0   chromedriver                        0x000000010354b99c cxxbridge1$str$ptr + 3160104
1   chromedriver                        0x0000000103543a28 cxxbridge1$str$ptr + 3127476
2   chromedriver                        0x0000000103017904 _RNvCskE0kXQ3GIWk_7___rustc35___rust_no_alloc_shim_is_unstable_v2 + 75036
3   chromedriver                        0x000000010301db34 _RNvCskE0kXQ3GIWk_7___rustc35___rust_no_alloc_shim_is_unstable_v2 + 100172
4   chromedriver                        0x000000010302006c _RNvCskE0kXQ3GIWk_7___rustc35___rust_no_alloc_shim_is_unstable_v2 + 109700
5   chromedriver                        0x000000010309f470 _RNvCskE0kXQ3GIWk_7___rustc35___rust_no_alloc_shim_is_unstable_v2 + 630920
6   chromedriver                        0x000000010309e4d4 _RNvCskE0kXQ3GIWk_7___rustc35___rust_no_alloc_shim_is_unstable_v2 + 626924
7   chromedriver                        0x00000001030551a0 _RNvCskE0kXQ3GIWk_7___rustc35___rust_no_alloc_shim_is_unstable_v2 + 327096
8   chromedriver                        0x000000010350a220 cxxbridge1$str$ptr + 2891948
9   chromedriver                        0x000000010350d910 cxxbridge1$str$ptr + 2906012
10  chromedriver                        0x00000001034ef5d8 cxxbridge1$str$ptr + 2782308
11  chromedriver                        0x000000010350e194 cxxbridge1$str$ptr + 2908192
12  chromedriver                        0x00000001034e0090 cxxbridge1$str$ptr + 2719516
13  chromedriver                        0x0000000103532b30 cxxbridge1$str$ptr + 3058108
14  chromedriver                        0x0000000103532cac cxxbridge1$str$ptr + 3058488
15  chromedriver                        0x0000000103543680 cxxbridge1$str$ptr + 3126540
16  libsystem_pthread.dylib             0x0000000189ac3c08 _pthread_start + 136
17  libsystem_pthread.dylib             0x0000000189abeba8 thread_start + 8

[2026-03-24T12:40:43.257356] Error processing business 2: Message: stale element reference: stale element not found in the current frame
  (Session info: chrome=146.0.7680.165); For documentation on this error, please visit: https://www.selenium.dev/documentation/webdriver/troubleshooting/errors#staleelementreferenceexception
Stacktrace:
0   chromedriver                        0x000000010354b99c cxxbridge1$str$ptr + 3160104
1   chromedriver                        0x0000000103543a28 cxxbridge1$str$ptr + 3127476
2   chromedriver                        0x0000000103017904 _RNvCskE0kXQ3GIWk_7___rustc35___rust_no_alloc_shim_is_unstable_v2 + 75036
3   chromedriver                        0x000000010301db34 _RNvCskE0kXQ3GIWk_7___rustc35___rust_no_alloc_shim_is_unstable_v2 + 100172
4   chromedriver                        0x000000010302006c _RNvCskE0kXQ3GIWk_7___rustc35___rust_no_alloc_shim_is_unstable_v2 + 109700
5   chromedriver                        0x000000010309f470 _RNvCskE0kXQ3GIWk_7___rustc35___rust_no_alloc_shim_is_unstable_v2 + 630920
6   chromedriver                        0x000000010309e4d4 _RNvCskE0kXQ3GIWk_7___rustc35___rust_no_alloc_shim_is_unstable_v2 + 626924
7   chromedriver                        0x00000001030551a0 _RNvCskE0kXQ3GIWk_7___rustc35___rust_no_alloc_shim_is_unstable_v2 + 327096
8   chromedriver                        0x000000010350a220 cxxbridge1$str$ptr + 2891948
9   chromedriver                        0x000000010350d910 cxxbridge1$str$ptr + 2906012
10  chromedriver                        0x00000001034ef5d8 cxxbridge1$str$ptr + 2782308
11  chromedriver                        0x000000010350e194 cxxbridge1$str$ptr + 2908192
12  chromedriver                        0x00000001034e0090 cxxbridge1$str$ptr + 2719516
13  chromedriver                        0x0000000103532b30 cxxbridge1$str$ptr + 3058108
14  chromedriver                        0x0000000103532cac cxxbridge1$str$ptr + 3058488
15  chromedriver                        0x0000000103543680 cxxbridge1$str$ptr + 3126540
16  libsystem_pthread.dylib             0x0000000189ac3c08 _pthread_start + 136
17  libsystem_pthread.dylib             0x0000000189abeba8 thread_start + 8

[2026-03-24T12:40:43.262404] Error processing business 3: Message: stale element reference: stale element not found in the current frame
  (Session info: chrome=146.0.7680.165); For documentation on this error, please visit: https://www.selenium.dev/documentation/webdriver/troubleshooting/errors#staleelementreferenceexception
Stacktrace:
0   chromedriver                        0x000000010354b99c cxxbridge1$str$ptr + 3160104
1   chromedriver                        0x0000000103543a28 cxxbridge1$str$ptr + 3127476
2   chromedriver                        0x0000000103017904 _RNvCskE0kXQ3GIWk_7___rustc35___rust_no_alloc_shim_is_unstable_v2 + 75036
3   chromedriver                        0x000000010301db34 _RNvCskE0kXQ3GIWk_7___rustc35___rust_no_alloc_shim_is_unstable_v2 + 100172
4   chromedriver                        0x000000010302006c _RNvCskE0kXQ3GIWk_7___rustc35___rust_no_alloc_shim_is_unstable_v2 + 109700
5   chromedriver                        0x000000010309f470 _RNvCskE0kXQ3GIWk_7___rustc35___rust_no_alloc_shim_is_unstable_v2 + 630920
6   chromedriver                        0x000000010309e4d4 _RNvCskE0kXQ3GIWk_7___rustc35___rust_no_alloc_shim_is_unstable_v2 + 626924
7   chromedriver                        0x00000001030551a0 _RNvCskE0kXQ3GIWk_7___rustc35___rust_no_alloc_shim_is_unstable_v2 + 327096
8   chromedriver                        0x000000010350a220 cxxbridge1$str$ptr + 2891948
9   chromedriver                        0x000000010350d910 cxxbridge1$str$ptr + 2906012
10  chromedriver                        0x00000001034ef5d8 cxxbridge1$str$ptr + 2782308
11  chromedriver                        0x000000010350e194 cxxbridge1$str$ptr + 2908192
12  chromedriver                        0x00000001034e0090 cxxbridge1$str$ptr + 2719516
13  chromedriver                        0x0000000103532b30 cxxbridge1$str$ptr + 3058108
14  chromedriver                        0x0000000103532cac cxxbridge1$str$ptr + 3058488
15  chromedriver                        0x0000000103543680 cxxbridge1$str$ptr + 3126540
16  libsystem_pthread.dylib             0x0000000189ac3c08 _pthread_start + 136
17  libsystem_pthread.dylib             0x0000000189abeba8 thread_start + 8

[2026-03-24T12:40:43.266567] Error processing business 4: Message: stale element reference: stale element not found in the current frame
  (Session info: chrome=146.0.7680.165); For documentation on this error, please visit: https://www.selenium.dev/documentation/webdriver/troubleshooting/errors#staleelementreferenceexception
Stacktrace:
0   chromedriver                        0x000000010354b99c cxxbridge1$str$ptr + 3160104
1   chromedriver                        0x0000000103543a28 cxxbridge1$str$ptr + 3127476
2   chromedriver                        0x0000000103017904 _RNvCskE0kXQ3GIWk_7___rustc35___rust_no_alloc_shim_is_unstable_v2 + 75036
3   chromedriver                        0x000000010301db34 _RNvCskE0kXQ3GIWk_7___rustc35___rust_no_alloc_shim_is_unstable_v2 + 100172
4   chromedriver                        0x000000010302006c _RNvCskE0kXQ3GIWk_7___rustc35___rust_no_alloc_shim_is_unstable_v2 + 109700
5   chromedriver                        0x000000010309f470 _RNvCskE0kXQ3GIWk_7___rustc35___rust_no_alloc_shim_is_unstable_v2 + 630920
6   chromedriver                        0x000000010309e4d4 _RNvCskE0kXQ3GIWk_7___rustc35___rust_no_alloc_shim_is_unstable_v2 + 626924
7   chromedriver                        0x00000001030551a0 _RNvCskE0kXQ3GIWk_7___rustc35___rust_no_alloc_shim_is_unstable_v2 + 327096
8   chromedriver                        0x000000010350a220 cxxbridge1$str$ptr + 2891948
9   chromedriver                        0x000000010350d910 cxxbridge1$str$ptr + 2906012
10  chromedriver                        0x00000001034ef5d8 cxxbridge1$str$ptr + 2782308
11  chromedriver                        0x000000010350e194 cxxbridge1$str$ptr + 2908192
12  chromedriver                        0x00000001034e0090 cxxbridge1$str$ptr + 2719516
13  chromedriver                        0x0000000103532b30 cxxbridge1$str$ptr + 3058108
14  chromedriver                        0x0000000103532cac cxxbridge1$str$ptr + 3058488
15  chromedriver                        0x0000000103543680 cxxbridge1$str$ptr + 3126540
16  libsystem_pthread.dylib             0x0000000189ac3c08 _pthread_start + 136
17  libsystem_pthread.dylib             0x0000000189abeba8 thread_start + 8

[2026-03-24T12:40:43.270906] Error processing business 5: Message: stale element reference: stale element not found in the current frame
  (Session info: chrome=146.0.7680.165); For documentation on this error, please visit: https://www.selenium.dev/documentation/webdriver/troubleshooting/errors#staleelementreferenceexception
Stacktrace:
0   chromedriver                        0x000000010354b99c cxxbridge1$str$ptr + 3160104
1   chromedriver                        0x0000000103543a28 cxxbridge1$str$ptr + 3127476
2   chromedriver                        0x0000000103017904 _RNvCskE0kXQ3GIWk_7___rustc35___rust_no_alloc_shim_is_unstable_v2 + 75036
3   chromedriver                        0x000000010301db34 _RNvCskE0kXQ3GIWk_7___rustc35___rust_no_alloc_shim_is_unstable_v2 + 100172
4   chromedriver                        0x000000010302006c _RNvCskE0kXQ3GIWk_7___rustc35___rust_no_alloc_shim_is_unstable_v2 + 109700
5   chromedriver                        0x000000010309f470 _RNvCskE0kXQ3GIWk_7___rustc35___rust_no_alloc_shim_is_unstable_v2 + 630920
6   chromedriver                        0x000000010309e4d4 _RNvCskE0kXQ3GIWk_7___rustc35___rust_no_alloc_shim_is_unstable_v2 + 626924
7   chromedriver                        0x00000001030551a0 _RNvCskE0kXQ3GIWk_7___rustc35___rust_no_alloc_shim_is_unstable_v2 + 327096
8   chromedriver                        0x000000010350a220 cxxbridge1$str$ptr + 2891948
9   chromedriver                        0x000000010350d910 cxxbridge1$str$ptr + 2906012
10  chromedriver                        0x00000001034ef5d8 cxxbridge1$str$ptr + 2782308
11  chromedriver                        0x000000010350e194 cxxbridge1$str$ptr + 2908192
12  chromedriver                        0x00000001034e0090 cxxbridge1$str$ptr + 2719516
13  chromedriver                        0x0000000103532b30 cxxbridge1$str$ptr + 3058108
14  chromedriver                        0x0000000103532cac cxxbridge1$str$ptr + 3058488
15  chromedriver                        0x0000000103543680 cxxbridge1$str$ptr + 3126540
16  libsystem_pthread.dylib             0x0000000189ac3c08 _pthread_start + 136
17  libsystem_pthread.dylib             0x0000000189abeba8 thread_start + 8

[2026-03-24T12:40:43.274336] Error processing business 6: Message: stale element reference: stale element not found in the current frame
  (Session info: chrome=146.0.7680.165); For documentation on this error, please visit: https://www.selenium.dev/documentation/webdriver/troubleshooting/errors#staleelementreferenceexception
Stacktrace:
0   chromedriver                        0x000000010354b99c cxxbridge1$str$ptr + 3160104
1   chromedriver                        0x0000000103543a28 cxxbridge1$str$ptr + 3127476
2   chromedriver                        0x0000000103017904 _RNvCskE0kXQ3GIWk_7___rustc35___rust_no_alloc_shim_is_unstable_v2 + 75036
3   chromedriver                        0x000000010301db34 _RNvCskE0kXQ3GIWk_7___rustc35___rust_no_alloc_shim_is_unstable_v2 + 100172
4   chromedriver                        0x000000010302006c _RNvCskE0kXQ3GIWk_7___rustc35___rust_no_alloc_shim_is_unstable_v2 + 109700
5   chromedriver                        0x000000010309f470 _RNvCskE0kXQ3GIWk_7___rustc35___rust_no_alloc_shim_is_unstable_v2 + 630920
6   chromedriver                        0x000000010309e4d4 _RNvCskE0kXQ3GIWk_7___rustc35___rust_no_alloc_shim_is_unstable_v2 + 626924
7   chromedriver                        0x00000001030551a0 _RNvCskE0kXQ3GIWk_7___rustc35___rust_no_alloc_shim_is_unstable_v2 + 327096
8   chromedriver                        0x000000010350a220 cxxbridge1$str$ptr + 2891948
9   chromedriver                        0x000000010350d910 cxxbridge1$str$ptr + 2906012
10  chromedriver                        0x00000001034ef5d8 cxxbridge1$str$ptr + 2782308
11  chromedriver                        0x000000010350e194 cxxbridge1$str$ptr + 2908192
12  chromedriver                        0x00000001034e0090 cxxbridge1$str$ptr + 2719516
13  chromedriver                        0x0000000103532b30 cxxbridge1$str$ptr + 3058108
14  chromedriver                        0x0000000103532cac cxxbridge1$str$ptr + 3058488
15  chromedriver                        0x0000000103543680 cxxbridge1$str$ptr + 3126540
16  libsystem_pthread.dylib             0x0000000189ac3c08 _pthread_start + 136
17  libsystem_pthread.dylib             0x0000000189abeba8 thread_start + 8

[2026-03-24T12:40:43.277256] Error processing business 7: Message: stale element reference: stale element not found in the current frame
  (Session info: chrome=146.0.7680.165); For documentation on this error, please visit: https://www.selenium.dev/documentation/webdriver/troubleshooting/errors#staleelementreferenceexception
Stacktrace:
0   chromedriver                        0x000000010354b99c cxxbridge1$str$ptr + 3160104
1   chromedriver                        0x0000000103543a28 cxxbridge1$str$ptr + 3127476
2   chromedriver                        0x0000000103017904 _RNvCskE0kXQ3GIWk_7___rustc35___rust_no_alloc_shim_is_unstable_v2 + 75036
3   chromedriver                        0x000000010301db34 _RNvCskE0kXQ3GIWk_7___rustc35___rust_no_alloc_shim_is_unstable_v2 + 100172
4   chromedriver                        0x000000010302006c _RNvCskE0kXQ3GIWk_7___rustc35___rust_no_alloc_shim_is_unstable_v2 + 109700
5   chromedriver                        0x000000010309f470 _RNvCskE0kXQ3GIWk_7___rustc35___rust_no_alloc_shim_is_unstable_v2 + 630920
6   chromedriver                        0x000000010309e4d4 _RNvCskE0kXQ3GIWk_7___rustc35___rust_no_alloc_shim_is_unstable_v2 + 626924
7   chromedriver                        0x00000001030551a0 _RNvCskE0kXQ3GIWk_7___rustc35___rust_no_alloc_shim_is_unstable_v2 + 327096
8   chromedriver                        0x000000010350a220 cxxbridge1$str$ptr + 2891948
9   chromedriver                        0x000000010350d910 cxxbridge1$str$ptr + 2906012
10  chromedriver                        0x00000001034ef5d8 cxxbridge1$str$ptr + 2782308
11  chromedriver                        0x000000010350e194 cxxbridge1$str$ptr + 2908192
12  chromedriver                        0x00000001034e0090 cxxbridge1$str$ptr + 2719516
13  chromedriver                        0x0000000103532b30 cxxbridge1$str$ptr + 3058108
14  chromedriver                        0x0000000103532cac cxxbridge1$str$ptr + 3058488
15  chromedriver                        0x0000000103543680 cxxbridge1$str$ptr + 3126540
16  libsystem_pthread.dylib             0x0000000189ac3c08 _pthread_start + 136
17  libsystem_pthread.dylib             0x0000000189abeba8 thread_start + 8

[2026-03-24T12:40:43.279983] Error processing business 8: Message: stale element reference: stale element not found in the current frame
  (Session info: chrome=146.0.7680.165); For documentation on this error, please visit: https://www.selenium.dev/documentation/webdriver/troubleshooting/errors#staleelementreferenceexception
Stacktrace:
0   chromedriver                        0x000000010354b99c cxxbridge1$str$ptr + 3160104
1   chromedriver                        0x0000000103543a28 cxxbridge1$str$ptr + 3127476
2   chromedriver                        0x0000000103017904 _RNvCskE0kXQ3GIWk_7___rustc35___rust_no_alloc_shim_is_unstable_v2 + 75036
3   chromedriver                        0x000000010301db34 _RNvCskE0kXQ3GIWk_7___rustc35___rust_no_alloc_shim_is_unstable_v2 + 100172
4   chromedriver                        0x000000010302006c _RNvCskE0kXQ3GIWk_7___rustc35___rust_no_alloc_shim_is_unstable_v2 + 109700
5   chromedriver                        0x000000010309f470 _RNvCskE0kXQ3GIWk_7___rustc35___rust_no_alloc_shim_is_unstable_v2 + 630920
6   chromedriver                        0x000000010309e4d4 _RNvCskE0kXQ3GIWk_7___rustc35___rust_no_alloc_shim_is_unstable_v2 + 626924
7   chromedriver                        0x00000001030551a0 _RNvCskE0kXQ3GIWk_7___rustc35___rust_no_alloc_shim_is_unstable_v2 + 327096
8   chromedriver                        0x000000010350a220 cxxbridge1$str$ptr + 2891948
9   chromedriver                        0x000000010350d910 cxxbridge1$str$ptr + 2906012
10  chromedriver                        0x00000001034ef5d8 cxxbridge1$str$ptr + 2782308
11  chromedriver                        0x000000010350e194 cxxbridge1$str$ptr + 2908192
12  chromedriver                        0x00000001034e0090 cxxbridge1$str$ptr + 2719516
13  chromedriver                        0x0000000103532b30 cxxbridge1$str$ptr + 3058108
14  chromedriver                        0x0000000103532cac cxxbridge1$str$ptr + 3058488
15  chromedriver                        0x0000000103543680 cxxbridge1$str$ptr + 3126540
16  libsystem_pthread.dylib             0x0000000189ac3c08 _pthread_start + 136
17  libsystem_pthread.dylib             0x0000000189abeba8 thread_start + 8

[2026-03-24T12:40:43.282644] Error processing business 9: Message: stale element reference: stale element not found in the current frame
  (Session info: chrome=146.0.7680.165); For documentation on this error, please visit: https://www.selenium.dev/documentation/webdriver/troubleshooting/errors#staleelementreferenceexception
Stacktrace:
0   chromedriver                        0x000000010354b99c cxxbridge1$str$ptr + 3160104
1   chromedriver                        0x0000000103543a28 cxxbridge1$str$ptr + 3127476
2   chromedriver                        0x0000000103017904 _RNvCskE0kXQ3GIWk_7___rustc35___rust_no_alloc_shim_is_unstable_v2 + 75036
3   chromedriver                        0x000000010301db34 _RNvCskE0kXQ3GIWk_7___rustc35___rust_no_alloc_shim_is_unstable_v2 + 100172
4   chromedriver                        0x000000010302006c _RNvCskE0kXQ3GIWk_7___rustc35___rust_no_alloc_shim_is_unstable_v2 + 109700
5   chromedriver                        0x000000010309f470 _RNvCskE0kXQ3GIWk_7___rustc35___rust_no_alloc_shim_is_unstable_v2 + 630920
6   chromedriver                        0x000000010309e4d4 _RNvCskE0kXQ3GIWk_7___rustc35___rust_no_alloc_shim_is_unstable_v2 + 626924
7   chromedriver                        0x00000001030551a0 _RNvCskE0kXQ3GIWk_7___rustc35___rust_no_alloc_shim_is_unstable_v2 + 327096
8   chromedriver                        0x000000010350a220 cxxbridge1$str$ptr + 2891948
9   chromedriver                        0x000000010350d910 cxxbridge1$str$ptr + 2906012
10  chromedriver                        0x00000001034ef5d8 cxxbridge1$str$ptr + 2782308
11  chromedriver                        0x000000010350e194 cxxbridge1$str$ptr + 2908192
12  chromedriver                        0x00000001034e0090 cxxbridge1$str$ptr + 2719516
13  chromedriver                        0x0000000103532b30 cxxbridge1$str$ptr + 3058108
14  chromedriver                        0x0000000103532cac cxxbridge1$str$ptr + 3058488
15  chromedriver                        0x0000000103543680 cxxbridge1$str$ptr + 3126540
16  libsystem_pthread.dylib             0x0000000189ac3c08 _pthread_start + 136
17  libsystem_pthread.dylib             0x0000000189abeba8 thread_start + 8

[2026-03-24T12:40:43.285349] Error processing business 10: Message: stale element reference: stale element not found in the current frame
  (Session info: chrome=146.0.7680.165); For documentation on this error, please visit: https://www.selenium.dev/documentation/webdriver/troubleshooting/errors#staleelementreferenceexception
Stacktrace:
0   chromedriver                        0x000000010354b99c cxxbridge1$str$ptr + 3160104
1   chromedriver                        0x0000000103543a28 cxxbridge1$str$ptr + 3127476
2   chromedriver                        0x0000000103017904 _RNvCskE0kXQ3GIWk_7___rustc35___rust_no_alloc_shim_is_unstable_v2 + 75036
3   chromedriver                        0x000000010301db34 _RNvCskE0kXQ3GIWk_7___rustc35___rust_no_alloc_shim_is_unstable_v2 + 100172
4   chromedriver                        0x000000010302006c _RNvCskE0kXQ3GIWk_7___rustc35___rust_no_alloc_shim_is_unstable_v2 + 109700
5   chromedriver                        0x000000010309f470 _RNvCskE0kXQ3GIWk_7___rustc35___rust_no_alloc_shim_is_unstable_v2 + 630920
6   chromedriver                        0x000000010309e4d4 _RNvCskE0kXQ3GIWk_7___rustc35___rust_no_alloc_shim_is_unstable_v2 + 626924
7   chromedriver                        0x00000001030551a0 _RNvCskE0kXQ3GIWk_7___rustc35___rust_no_alloc_shim_is_unstable_v2 + 327096
8   chromedriver                        0x000000010350a220 cxxbridge1$str$ptr + 2891948
9   chromedriver                        0x000000010350d910 cxxbridge1$str$ptr + 2906012
10  chromedriver                        0x00000001034ef5d8 cxxbridge1$str$ptr + 2782308
11  chromedriver                        0x000000010350e194 cxxbridge1$str$ptr + 2908192
12  chromedriver                        0x00000001034e0090 cxxbridge1$str$ptr + 2719516
13  chromedriver                        0x0000000103532b30 cxxbridge1$str$ptr + 3058108
14  chromedriver                        0x0000000103532cac cxxbridge1$str$ptr + 3058488
15  chromedriver                        0x0000000103543680 cxxbridge1$str$ptr + 3126540
16  libsystem_pthread.dylib             0x0000000189ac3c08 _pthread_start + 136
17  libsystem_pthread.dylib             0x0000000189abeba8 thread_start + 8

[2026-03-24T12:40:43.287928] Error processing business 11: Message: stale element reference: stale element not found in the current frame
  (Session info: chrome=146.0.7680.165); For documentation on this error, please visit: https://www.selenium.dev/documentation/webdriver/troubleshooting/errors#staleelementreferenceexception
Stacktrace:
0   chromedriver                        0x000000010354b99c cxxbridge1$str$ptr + 3160104
1   chromedriver                        0x0000000103543a28 cxxbridge1$str$ptr + 3127476
2   chromedriver                        0x0000000103017904 _RNvCskE0kXQ3GIWk_7___rustc35___rust_no_alloc_shim_is_unstable_v2 + 75036
3   chromedriver                        0x000000010301db34 _RNvCskE0kXQ3GIWk_7___rustc35___rust_no_alloc_shim_is_unstable_v2 + 100172
4   chromedriver                        0x000000010302006c _RNvCskE0kXQ3GIWk_7___rustc35___rust_no_alloc_shim_is_unstable_v2 + 109700
5   chromedriver                        0x000000010309f470 _RNvCskE0kXQ3GIWk_7___rustc35___rust_no_alloc_shim_is_unstable_v2 + 630920
6   chromedriver                        0x000000010309e4d4 _RNvCskE0kXQ3GIWk_7___rustc35___rust_no_alloc_shim_is_unstable_v2 + 626924
7   chromedriver                        0x00000001030551a0 _RNvCskE0kXQ3GIWk_7___rustc35___rust_no_alloc_shim_is_unstable_v2 + 327096
8   chromedriver                        0x000000010350a220 cxxbridge1$str$ptr + 2891948
9   chromedriver                        0x000000010350d910 cxxbridge1$str$ptr + 2906012
10  chromedriver                        0x00000001034ef5d8 cxxbridge1$str$ptr + 2782308
11  chromedriver                        0x000000010350e194 cxxbridge1$str$ptr + 2908192
12  chromedriver                        0x00000001034e0090 cxxbridge1$str$ptr + 2719516
13  chromedriver                        0x0000000103532b30 cxxbridge1$str$ptr + 3058108
14  chromedriver                        0x0000000103532cac cxxbridge1$str$ptr + 3058488
15  chromedriver                        0x0000000103543680 cxxbridge1$str$ptr + 3126540
16  libsystem_pthread.dylib             0x0000000189ac3c08 _pthread_start + 136
17  libsystem_pthread.dylib             0x0000000189abeba8 thread_start + 8

[2026-03-24T12:40:43.290584] Error processing business 12: Message: stale element reference: stale element not found in the current frame
  (Session info: chrome=146.0.7680.165); For documentation on this error, please visit: https://www.selenium.dev/documentation/webdriver/troubleshooting/errors#staleelementreferenceexception
Stacktrace:
0   chromedriver                        0x000000010354b99c cxxbridge1$str$ptr + 3160104
1   chromedriver                        0x0000000103543a28 cxxbridge1$str$ptr + 3127476
2   chromedriver                        0x0000000103017904 _RNvCskE0kXQ3GIWk_7___rustc35___rust_no_alloc_shim_is_unstable_v2 + 75036
3   chromedriver                        0x000000010301db34 _RNvCskE0kXQ3GIWk_7___rustc35___rust_no_alloc_shim_is_unstable_v2 + 100172
4   chromedriver                        0x000000010302006c _RNvCskE0kXQ3GIWk_7___rustc35___rust_no_alloc_shim_is_unstable_v2 + 109700
5   chromedriver                        0x000000010309f470 _RNvCskE0kXQ3GIWk_7___rustc35___rust_no_alloc_shim_is_unstable_v2 + 630920
6   chromedriver                        0x000000010309e4d4 _RNvCskE0kXQ3GIWk_7___rustc35___rust_no_alloc_shim_is_unstable_v2 + 626924
7   chromedriver                        0x00000001030551a0 _RNvCskE0kXQ3GIWk_7___rustc35___rust_no_alloc_shim_is_unstable_v2 + 327096
8   chromedriver                        0x000000010350a220 cxxbridge1$str$ptr + 2891948
9   chromedriver                        0x000000010350d910 cxxbridge1$str$ptr + 2906012
10  chromedriver                        0x00000001034ef5d8 cxxbridge1$str$ptr + 2782308
11  chromedriver                        0x000000010350e194 cxxbridge1$str$ptr + 2908192
12  chromedriver                        0x00000001034e0090 cxxbridge1$str$ptr + 2719516
13  chromedriver                        0x0000000103532b30 cxxbridge1$str$ptr + 3058108
14  chromedriver                        0x0000000103532cac cxxbridge1$str$ptr + 3058488
15  chromedriver                        0x0000000103543680 cxxbridge1$str$ptr + 3126540
16  libsystem_pthread.dylib             0x0000000189ac3c08 _pthread_start + 136
17  libsystem_pthread.dylib             0x0000000189abeba8 thread_start + 8

[2026-03-24T12:40:43.293710] Error processing business 13: Message: stale element reference: stale element not found in the current frame
  (Session info: chrome=146.0.7680.165); For documentation on this error, please visit: https://www.selenium.dev/documentation/webdriver/troubleshooting/errors#staleelementreferenceexception
Stacktrace:
0   chromedriver                        0x000000010354b99c cxxbridge1$str$ptr + 3160104
1   chromedriver                        0x0000000103543a28 cxxbridge1$str$ptr + 3127476
2   chromedriver                        0x0000000103017904 _RNvCskE0kXQ3GIWk_7___rustc35___rust_no_alloc_shim_is_unstable_v2 + 75036
3   chromedriver                        0x000000010301db34 _RNvCskE0kXQ3GIWk_7___rustc35___rust_no_alloc_shim_is_unstable_v2 + 100172
4   chromedriver                        0x000000010302006c _RNvCskE0kXQ3GIWk_7___rustc35___rust_no_alloc_shim_is_unstable_v2 + 109700
5   chromedriver                        0x000000010309f470 _RNvCskE0kXQ3GIWk_7___rustc35___rust_no_alloc_shim_is_unstable_v2 + 630920
6   chromedriver                        0x000000010309e4d4 _RNvCskE0kXQ3GIWk_7___rustc35___rust_no_alloc_shim_is_unstable_v2 + 626924
7   chromedriver                        0x00000001030551a0 _RNvCskE0kXQ3GIWk_7___rustc35___rust_no_alloc_shim_is_unstable_v2 + 327096
8   chromedriver                        0x000000010350a220 cxxbridge1$str$ptr + 2891948
9   chromedriver                        0x000000010350d910 cxxbridge1$str$ptr + 2906012
10  chromedriver                        0x00000001034ef5d8 cxxbridge1$str$ptr + 2782308
11  chromedriver                        0x000000010350e194 cxxbridge1$str$ptr + 2908192
12  chromedriver                        0x00000001034e0090 cxxbridge1$str$ptr + 2719516
13  chromedriver                        0x0000000103532b30 cxxbridge1$str$ptr + 3058108
14  chromedriver                        0x0000000103532cac cxxbridge1$str$ptr + 3058488
15  chromedriver                        0x0000000103543680 cxxbridge1$str$ptr + 3126540
16  libsystem_pthread.dylib             0x0000000189ac3c08 _pthread_start + 136
17  libsystem_pthread.dylib             0x0000000189abeba8 thread_start + 8

[2026-03-24T12:40:43.296196] Error processing business 14: Message: stale element reference: stale element not found in the current frame
  (Session info: chrome=146.0.7680.165); For documentation on this error, please visit: https://www.selenium.dev/documentation/webdriver/troubleshooting/errors#staleelementreferenceexception
Stacktrace:
0   chromedriver                        0x000000010354b99c cxxbridge1$str$ptr + 3160104
1   chromedriver                        0x0000000103543a28 cxxbridge1$str$ptr + 3127476
2   chromedriver                        0x0000000103017904 _RNvCskE0kXQ3GIWk_7___rustc35___rust_no_alloc_shim_is_unstable_v2 + 75036
3   chromedriver                        0x000000010301db34 _RNvCskE0kXQ3GIWk_7___rustc35___rust_no_alloc_shim_is_unstable_v2 + 100172
4   chromedriver                        0x000000010302006c _RNvCskE0kXQ3GIWk_7___rustc35___rust_no_alloc_shim_is_unstable_v2 + 109700
5   chromedriver                        0x000000010309f470 _RNvCskE0kXQ3GIWk_7___rustc35___rust_no_alloc_shim_is_unstable_v2 + 630920
6   chromedriver                        0x000000010309e4d4 _RNvCskE0kXQ3GIWk_7___rustc35___rust_no_alloc_shim_is_unstable_v2 + 626924
7   chromedriver                        0x00000001030551a0 _RNvCskE0kXQ3GIWk_7___rustc35___rust_no_alloc_shim_is_unstable_v2 + 327096
8   chromedriver                        0x000000010350a220 cxxbridge1$str$ptr + 2891948
9   chromedriver                        0x000000010350d910 cxxbridge1$str$ptr + 2906012
10  chromedriver                        0x00000001034ef5d8 cxxbridge1$str$ptr + 2782308
11  chromedriver                        0x000000010350e194 cxxbridge1$str$ptr + 2908192
12  chromedriver                        0x00000001034e0090 cxxbridge1$str$ptr + 2719516
13  chromedriver                        0x0000000103532b30 cxxbridge1$str$ptr + 3058108
14  chromedriver                        0x0000000103532cac cxxbridge1$str$ptr + 3058488
15  chromedriver                        0x0000000103543680 cxxbridge1$str$ptr + 3126540
16  libsystem_pthread.dylib             0x0000000189ac3c08 _pthread_start + 136
17  libsystem_pthread.dylib             0x0000000189abeba8 thread_start + 8

[2026-03-24T12:40:43.297286] ✅ Saved 1 contacts to property-managers.csv
[2026-03-24T12:40:43.298204] ⏳ Waiting 10.4s before next search...
[2026-03-24T12:40:53.850029] Searching: apartment management in Holly Springs, NC
[2026-03-24T12:41:13.669992] Found 30 business listings
[2026-03-24T12:41:17.177503] ✓ Extracted: Magnolia South Apartments (info@www.southwoodrealty.com)
[2026-03-24T12:41:19.205773] Error processing business 1: Message: stale element reference: stale element not found in the current frame
  (Session info: chrome=146.0.7680.165); For documentation on this error, please visit: https://www.selenium.dev/documentation/webdriver/troubleshooting/errors#staleelementreferenceexception
Stacktrace:
0   chromedriver                        0x000000010354b99c cxxbridge1$str$ptr + 3160104
1   chromedriver                        0x0000000103543a28 cxxbridge1$str$ptr + 3127476
2   chromedriver                        0x0000000103017904 _RNvCskE0kXQ3GIWk_7___rustc35___rust_no_alloc_shim_is_unstable_v2 + 75036
3   chromedriver                        0x000000010301db34 _RNvCskE0kXQ3GIWk_7___rustc35___rust_no_alloc_shim_is_unstable_v2 + 100172
4   chromedriver                        0x000000010302006c _RNvCskE0kXQ3GIWk_7___rustc35___rust_no_alloc_shim_is_unstable_v2 + 109700
5   chromedriver                        0x000000010309f470 _RNvCskE0kXQ3GIWk_7___rustc35___rust_no_alloc_shim_is_unstable_v2 + 630920
6   chromedriver                        0x000000010309e4d4 _RNvCskE0kXQ3GIWk_7___rustc35___rust_no_alloc_shim_is_unstable_v2 + 626924
7   chromedriver                        0x00000001030551a0 _RNvCskE0kXQ3GIWk_7___rustc35___rust_no_alloc_shim_is_unstable_v2 + 327096
8   chromedriver                        0x000000010350a220 cxxbridge1$str$ptr + 2891948
9   chromedriver                        0x000000010350d910 cxxbridge1$str$ptr + 2906012
10  chromedriver                        0x00000001034ef5d8 cxxbridge1$str$ptr + 2782308
11  chromedriver                        0x000000010350e194 cxxbridge1$str$ptr + 2908192
12  chromedriver                        0x00000001034e0090 cxxbridge1$str$ptr + 2719516
13  chromedriver                        0x0000000103532b30 cxxbridge1$str$ptr + 3058108
14  chromedriver                        0x0000000103532cac cxxbridge1$str$ptr + 3058488
15  chromedriver                        0x0000000103543680 cxxbridge1$str$ptr + 3126540
16  libsystem_pthread.dylib             0x0000000189ac3c08 _pthread_start + 136
17  libsystem_pthread.dylib             0x0000000189abeba8 thread_start + 8

[2026-03-24T12:41:19.213005] Error processing business 2: Message: stale element reference: stale element not found in the current frame
  (Session info: chrome=146.0.7680.165); For documentation on this error, please visit: https://www.selenium.dev/documentation/webdriver/troubleshooting/errors#staleelementreferenceexception
Stacktrace:
0   chromedriver                        0x000000010354b99c cxxbridge1$str$ptr + 3160104
1   chromedriver                        0x0000000103543a28 cxxbridge1$str$ptr + 3127476
2   chromedriver                        0x0000000103017904 _RNvCskE0kXQ3GIWk_7___rustc35___rust_no_alloc_shim_is_unstable_v2 + 75036
3   chromedriver                        0x000000010301db34 _RNvCskE0kXQ3GIWk_7___rustc35___rust_no_alloc_shim_is_unstable_v2 + 100172
4   chromedriver                        0x000000010302006c _RNvCskE0kXQ3GIWk_7___rustc35___rust_no_alloc_shim_is_unstable_v2 + 109700
5   chromedriver                        0x000000010309f470 _RNvCskE0kXQ3GIWk_7___rustc35___rust_no_alloc_shim_is_unstable_v2 + 630920
6   chromedriver                        0x000000010309e4d4 _RNvCskE0kXQ3GIWk_7___rustc35___rust_no_alloc_shim_is_unstable_v2 + 626924
7   chromedriver                        0x00000001030551a0 _RNvCskE0kXQ3GIWk_7___rustc35___rust_no_alloc_shim_is_unstable_v2 + 327096
8   chromedriver                        0x000000010350a220 cxxbridge1$str$ptr + 2891948
9   chromedriver                        0x000000010350d910 cxxbridge1$str$ptr + 2906012
10  chromedriver                        0x00000001034ef5d8 cxxbridge1$str$ptr + 2782308
11  chromedriver                        0x000000010350e194 cxxbridge1$str$ptr + 2908192
12  chromedriver                        0x00000001034e0090 cxxbridge1$str$ptr + 2719516
13  chromedriver                        0x0000000103532b30 cxxbridge1$str$ptr + 3058108
14  chromedriver                        0x0000000103532cac cxxbridge1$str$ptr + 3058488
15  chromedriver                        0x0000000103543680 cxxbridge1$str$ptr + 3126540
16  libsystem_pthread.dylib             0x0000000189ac3c08 _pthread_start + 136
17  libsystem_pthread.dylib             0x0000000189abeba8 thread_start + 8

[2026-03-24T12:41:19.218565] Error processing business 3: Message: stale element reference: stale element not found in the current frame
  (Session info: chrome=146.0.7680.165); For documentation on this error, please visit: https://www.selenium.dev/documentation/webdriver/troubleshooting/errors#staleelementreferenceexception
Stacktrace:
0   chromedriver                        0x000000010354b99c cxxbridge1$str$ptr + 3160104
1   chromedriver                        0x0000000103543a28 cxxbridge1$str$ptr + 3127476
2   chromedriver                        0x0000000103017904 _RNvCskE0kXQ3GIWk_7___rustc35___rust_no_alloc_shim_is_unstable_v2 + 75036
3   chromedriver                        0x000000010301db34 _RNvCskE0kXQ3GIWk_7___rustc35___rust_no_alloc_shim_is_unstable_v2 + 100172
4   chromedriver                        0x000000010302006c _RNvCskE0kXQ3GIWk_7___rustc35___rust_no_alloc_shim_is_unstable_v2 + 109700
5   chromedriver                        0x000000010309f470 _RNvCskE0kXQ3GIWk_7___rustc35___rust_no_alloc_shim_is_unstable_v2 + 630920
6   chromedriver                        0x000000010309e4d4 _RNvCskE0kXQ3GIWk_7___rustc35___rust_no_alloc_shim_is_unstable_v2 + 626924
7   chromedriver                        0x00000001030551a0 _RNvCskE0kXQ3GIWk_7___rustc35___rust_no_alloc_shim_is_unstable_v2 + 327096
8   chromedriver                        0x000000010350a220 cxxbridge1$str$ptr + 2891948
9   chromedriver                        0x000000010350d910 cxxbridge1$str$ptr + 2906012
10  chromedriver                        0x00000001034ef5d8 cxxbridge1$str$ptr + 2782308
11  chromedriver                        0x000000010350e194 cxxbridge1$str$ptr + 2908192
12  chromedriver                        0x00000001034e0090 cxxbridge1$str$ptr + 2719516
13  chromedriver                        0x0000000103532b30 cxxbridge1$str$ptr + 3058108
14  chromedriver                        0x0000000103532cac cxxbridge1$str$ptr + 3058488
15  chromedriver                        0x0000000103543680 cxxbridge1$str$ptr + 3126540
16  libsystem_pthread.dylib             0x0000000189ac3c08 _pthread_start + 136
17  libsystem_pthread.dylib             0x0000000189abeba8 thread_start + 8

[2026-03-24T12:41:19.222838] Error processing business 4: Message: stale element reference: stale element not found in the current frame
  (Session info: chrome=146.0.7680.165); For documentation on this error, please visit: https://www.selenium.dev/documentation/webdriver/troubleshooting/errors#staleelementreferenceexception
Stacktrace:
0   chromedriver                        0x000000010354b99c cxxbridge1$str$ptr + 3160104
1   chromedriver                        0x0000000103543a28 cxxbridge1$str$ptr + 3127476
2   chromedriver                        0x0000000103017904 _RNvCskE0kXQ3GIWk_7___rustc35___rust_no_alloc_shim_is_unstable_v2 + 75036
3   chromedriver                        0x000000010301db34 _RNvCskE0kXQ3GIWk_7___rustc35___rust_no_alloc_shim_is_unstable_v2 + 100172
4   chromedriver                        0x000000010302006c _RNvCskE0kXQ3GIWk_7___rustc35___rust_no_alloc_shim_is_unstable_v2 + 109700
5   chromedriver                        0x000000010309f470 _RNvCskE0kXQ3GIWk_7___rustc35___rust_no_alloc_shim_is_unstable_v2 + 630920
6   chromedriver                        0x000000010309e4d4 _RNvCskE0kXQ3GIWk_7___rustc35___rust_no_alloc_shim_is_unstable_v2 + 626924
7   chromedriver                        0x00000001030551a0 _RNvCskE0kXQ3GIWk_7___rustc35___rust_no_alloc_shim_is_unstable_v2 + 327096
8   chromedriver                        0x000000010350a220 cxxbridge1$str$ptr + 2891948
9   chromedriver                        0x000000010350d910 cxxbridge1$str$ptr + 2906012
10  chromedriver                        0x00000001034ef5d8 cxxbridge1$str$ptr + 2782308
11  chromedriver                        0x000000010350e194 cxxbridge1$str$ptr + 2908192
12  chromedriver                        0x00000001034e0090 cxxbridge1$str$ptr + 2719516
13  chromedriver                        0x0000000103532b30 cxxbridge1$str$ptr + 3058108
14  chromedriver                        0x0000000103532cac cxxbridge1$str$ptr + 3058488
15  chromedriver                        0x0000000103543680 cxxbridge1$str$ptr + 3126540
16  libsystem_pthread.dylib             0x0000000189ac3c08 _pthread_start + 136
17  libsystem_pthread.dylib             0x0000000189abeba8 thread_start + 8

[2026-03-24T12:41:19.227644] Error processing business 5: Message: stale element reference: stale element not found in the current frame
  (Session info: chrome=146.0.7680.165); For documentation on this error, please visit: https://www.selenium.dev/documentation/webdriver/troubleshooting/errors#staleelementreferenceexception
Stacktrace:
0   chromedriver                        0x000000010354b99c cxxbridge1$str$ptr + 3160104
1   chromedriver                        0x0000000103543a28 cxxbridge1$str$ptr + 3127476
2   chromedriver                        0x0000000103017904 _RNvCskE0kXQ3GIWk_7___rustc35___rust_no_alloc_shim_is_unstable_v2 + 75036
3   chromedriver                        0x000000010301db34 _RNvCskE0kXQ3GIWk_7___rustc35___rust_no_alloc_shim_is_unstable_v2 + 100172
4   chromedriver                        0x000000010302006c _RNvCskE0kXQ3GIWk_7___rustc35___rust_no_alloc_shim_is_unstable_v2 + 109700
5   chromedriver                        0x000000010309f470 _RNvCskE0kXQ3GIWk_7___rustc35___rust_no_alloc_shim_is_unstable_v2 + 630920
6   chromedriver                        0x000000010309e4d4 _RNvCskE0kXQ3GIWk_7___rustc35___rust_no_alloc_shim_is_unstable_v2 + 626924
7   chromedriver                        0x00000001030551a0 _RNvCskE0kXQ3GIWk_7___rustc35___rust_no_alloc_shim_is_unstable_v2 + 327096
8   chromedriver                        0x000000010350a220 cxxbridge1$str$ptr + 2891948
9   chromedriver                        0x000000010350d910 cxxbridge1$str$ptr + 2906012
10  chromedriver                        0x00000001034ef5d8 cxxbridge1$str$ptr + 2782308
11  chromedriver                        0x000000010350e194 cxxbridge1$str$ptr + 2908192
12  chromedriver                        0x00000001034e0090 cxxbridge1$str$ptr + 2719516
13  chromedriver                        0x0000000103532b30 cxxbridge1$str$ptr + 3058108
14  chromedriver                        0x0000000103532cac cxxbridge1$str$ptr + 3058488
15  chromedriver                        0x0000000103543680 cxxbridge1$str$ptr + 3126540
16  libsystem_pthread.dylib             0x0000000189ac3c08 _pthread_start + 136
17  libsystem_pthread.dylib             0x0000000189abeba8 thread_start + 8

[2026-03-24T12:41:19.231393] Error processing business 6: Message: stale element reference: stale element not found in the current frame
  (Session info: chrome=146.0.7680.165); For documentation on this error, please visit: https://www.selenium.dev/documentation/webdriver/troubleshooting/errors#staleelementreferenceexception
Stacktrace:
0   chromedriver                        0x000000010354b99c cxxbridge1$str$ptr + 3160104
1   chromedriver                        0x0000000103543a28 cxxbridge1$str$ptr + 3127476
2   chromedriver                        0x0000000103017904 _RNvCskE0kXQ3GIWk_7___rustc35___rust_no_alloc_shim_is_unstable_v2 + 75036
3   chromedriver                        0x000000010301db34 _RNvCskE0kXQ3GIWk_7___rustc35___rust_no_alloc_shim_is_unstable_v2 + 100172
4   chromedriver                        0x000000010302006c _RNvCskE0kXQ3GIWk_7___rustc35___rust_no_alloc_shim_is_unstable_v2 + 109700
5   chromedriver                        0x000000010309f470 _RNvCskE0kXQ3GIWk_7___rustc35___rust_no_alloc_shim_is_unstable_v2 + 630920
6   chromedriver                        0x000000010309e4d4 _RNvCskE0kXQ3GIWk_7___rustc35___rust_no_alloc_shim_is_unstable_v2 + 626924
7   chromedriver                        0x00000001030551a0 _RNvCskE0kXQ3GIWk_7___rustc35___rust_no_alloc_shim_is_unstable_v2 + 327096
8   chromedriver                        0x000000010350a220 cxxbridge1$str$ptr + 2891948
9   chromedriver                        0x000000010350d910 cxxbridge1$str$ptr + 2906012
10  chromedriver                        0x00000001034ef5d8 cxxbridge1$str$ptr + 2782308
11  chromedriver                        0x000000010350e194 cxxbridge1$str$ptr + 2908192
12  chromedriver                        0x00000001034e0090 cxxbridge1$str$ptr + 2719516
13  chromedriver                        0x0000000103532b30 cxxbridge1$str$ptr + 3058108
14  chromedriver                        0x0000000103532cac cxxbridge1$str$ptr + 3058488
15  chromedriver                        0x0000000103543680 cxxbridge1$str$ptr + 3126540
16  libsystem_pthread.dylib             0x0000000189ac3c08 _pthread_start + 136
17  libsystem_pthread.dylib             0x0000000189abeba8 thread_start + 8

[2026-03-24T12:41:19.235273] Error processing business 7: Message: stale element reference: stale element not found in the current frame
  (Session info: chrome=146.0.7680.165); For documentation on this error, please visit: https://www.selenium.dev/documentation/webdriver/troubleshooting/errors#staleelementreferenceexception
Stacktrace:
0   chromedriver                        0x000000010354b99c cxxbridge1$str$ptr + 3160104
1   chromedriver                        0x0000000103543a28 cxxbridge1$str$ptr + 3127476
2   chromedriver                        0x0000000103017904 _RNvCskE0kXQ3GIWk_7___rustc35___rust_no_alloc_shim_is_unstable_v2 + 75036
3   chromedriver                        0x000000010301db34 _RNvCskE0kXQ3GIWk_7___rustc35___rust_no_alloc_shim_is_unstable_v2 + 100172
4   chromedriver                        0x000000010302006c _RNvCskE0kXQ3GIWk_7___rustc35___rust_no_alloc_shim_is_unstable_v2 + 109700
5   chromedriver                        0x000000010309f470 _RNvCskE0kXQ3GIWk_7___rustc35___rust_no_alloc_shim_is_unstable_v2 + 630920
6   chromedriver                        0x000000010309e4d4 _RNvCskE0kXQ3GIWk_7___rustc35___rust_no_alloc_shim_is_unstable_v2 + 626924
7   chromedriver                        0x00000001030551a0 _RNvCskE0kXQ3GIWk_7___rustc35___rust_no_alloc_shim_is_unstable_v2 + 327096
8   chromedriver                        0x000000010350a220 cxxbridge1$str$ptr + 2891948
9   chromedriver                        0x000000010350d910 cxxbridge1$str$ptr + 2906012
10  chromedriver                        0x00000001034ef5d8 cxxbridge1$str$ptr + 2782308
11  chromedriver                        0x000000010350e194 cxxbridge1$str$ptr + 2908192
12  chromedriver                        0x00000001034e0090 cxxbridge1$str$ptr + 2719516
13  chromedriver                        0x0000000103532b30 cxxbridge1$str$ptr + 3058108
14  chromedriver                        0x0000000103532cac cxxbridge1$str$ptr + 3058488
15  chromedriver                        0x0000000103543680 cxxbridge1$str$ptr + 3126540
16  libsystem_pthread.dylib             0x0000000189ac3c08 _pthread_start + 136
17  libsystem_pthread.dylib             0x0000000189abeba8 thread_start + 8

[2026-03-24T12:41:19.238224] Error processing business 8: Message: stale element reference: stale element not found in the current frame
  (Session info: chrome=146.0.7680.165); For documentation on this error, please visit: https://www.selenium.dev/documentation/webdriver/troubleshooting/errors#staleelementreferenceexception
Stacktrace:
0   chromedriver                        0x000000010354b99c cxxbridge1$str$ptr + 3160104
1   chromedriver                        0x0000000103543a28 cxxbridge1$str$ptr + 3127476
2   chromedriver                        0x0000000103017904 _RNvCskE0kXQ3GIWk_7___rustc35___rust_no_alloc_shim_is_unstable_v2 + 75036
3   chromedriver                        0x000000010301db34 _RNvCskE0kXQ3GIWk_7___rustc35___rust_no_alloc_shim_is_unstable_v2 + 100172
4   chromedriver                        0x000000010302006c _RNvCskE0kXQ3GIWk_7___rustc35___rust_no_alloc_shim_is_unstable_v2 + 109700
5   chromedriver                        0x000000010309f470 _RNvCskE0kXQ3GIWk_7___rustc35___rust_no_alloc_shim_is_unstable_v2 + 630920
6   chromedriver                        0x000000010309e4d4 _RNvCskE0kXQ3GIWk_7___rustc35___rust_no_alloc_shim_is_unstable_v2 + 626924
7   chromedriver                        0x00000001030551a0 _RNvCskE0kXQ3GIWk_7___rustc35___rust_no_alloc_shim_is_unstable_v2 + 327096
8   chromedriver                        0x000000010350a220 cxxbridge1$str$ptr + 2891948
9   chromedriver                        0x000000010350d910 cxxbridge1$str$ptr + 2906012
10  chromedriver                        0x00000001034ef5d8 cxxbridge1$str$ptr + 2782308
11  chromedriver                        0x000000010350e194 cxxbridge1$str$ptr + 2908192
12  chromedriver                        0x00000001034e0090 cxxbridge1$str$ptr + 2719516
13  chromedriver                        0x0000000103532b30 cxxbridge1$str$ptr + 3058108
14  chromedriver                        0x0000000103532cac cxxbridge1$str$ptr + 3058488
15  chromedriver                        0x0000000103543680 cxxbridge1$str$ptr + 3126540
16  libsystem_pthread.dylib             0x0000000189ac3c08 _pthread_start + 136
17  libsystem_pthread.dylib             0x0000000189abeba8 thread_start + 8

[2026-03-24T12:41:19.241050] Error processing business 9: Message: stale element reference: stale element not found in the current frame
  (Session info: chrome=146.0.7680.165); For documentation on this error, please visit: https://www.selenium.dev/documentation/webdriver/troubleshooting/errors#staleelementreferenceexception
Stacktrace:
0   chromedriver                        0x000000010354b99c cxxbridge1$str$ptr + 3160104
1   chromedriver                        0x0000000103543a28 cxxbridge1$str$ptr + 3127476
2   chromedriver                        0x0000000103017904 _RNvCskE0kXQ3GIWk_7___rustc35___rust_no_alloc_shim_is_unstable_v2 + 75036
3   chromedriver                        0x000000010301db34 _RNvCskE0kXQ3GIWk_7___rustc35___rust_no_alloc_shim_is_unstable_v2 + 100172
4   chromedriver                        0x000000010302006c _RNvCskE0kXQ3GIWk_7___rustc35___rust_no_alloc_shim_is_unstable_v2 + 109700
5   chromedriver                        0x000000010309f470 _RNvCskE0kXQ3GIWk_7___rustc35___rust_no_alloc_shim_is_unstable_v2 + 630920
6   chromedriver                        0x000000010309e4d4 _RNvCskE0kXQ3GIWk_7___rustc35___rust_no_alloc_shim_is_unstable_v2 + 626924
7   chromedriver                        0x00000001030551a0 _RNvCskE0kXQ3GIWk_7___rustc35___rust_no_alloc_shim_is_unstable_v2 + 327096
8   chromedriver                        0x000000010350a220 cxxbridge1$str$ptr + 2891948
9   chromedriver                        0x000000010350d910 cxxbridge1$str$ptr + 2906012
10  chromedriver                        0x00000001034ef5d8 cxxbridge1$str$ptr + 2782308
11  chromedriver                        0x000000010350e194 cxxbridge1$str$ptr + 2908192
12  chromedriver                        0x00000001034e0090 cxxbridge1$str$ptr + 2719516
13  chromedriver                        0x0000000103532b30 cxxbridge1$str$ptr + 3058108
14  chromedriver                        0x0000000103532cac cxxbridge1$str$ptr + 3058488
15  chromedriver                        0x0000000103543680 cxxbridge1$str$ptr + 3126540
16  libsystem_pthread.dylib             0x0000000189ac3c08 _pthread_start + 136
17  libsystem_pthread.dylib             0x0000000189abeba8 thread_start + 8

[2026-03-24T12:41:19.243806] Error processing business 10: Message: stale element reference: stale element not found in the current frame
  (Session info: chrome=146.0.7680.165); For documentation on this error, please visit: https://www.selenium.dev/documentation/webdriver/troubleshooting/errors#staleelementreferenceexception
Stacktrace:
0   chromedriver                        0x000000010354b99c cxxbridge1$str$ptr + 3160104
1   chromedriver                        0x0000000103543a28 cxxbridge1$str$ptr + 3127476
2   chromedriver                        0x0000000103017904 _RNvCskE0kXQ3GIWk_7___rustc35___rust_no_alloc_shim_is_unstable_v2 + 75036
3   chromedriver                        0x000000010301db34 _RNvCskE0kXQ3GIWk_7___rustc35___rust_no_alloc_shim_is_unstable_v2 + 100172
4   chromedriver                        0x000000010302006c _RNvCskE0kXQ3GIWk_7___rustc35___rust_no_alloc_shim_is_unstable_v2 + 109700
5   chromedriver                        0x000000010309f470 _RNvCskE0kXQ3GIWk_7___rustc35___rust_no_alloc_shim_is_unstable_v2 + 630920
6   chromedriver                        0x000000010309e4d4 _RNvCskE0kXQ3GIWk_7___rustc35___rust_no_alloc_shim_is_unstable_v2 + 626924
7   chromedriver                        0x00000001030551a0 _RNvCskE0kXQ3GIWk_7___rustc35___rust_no_alloc_shim_is_unstable_v2 + 327096
8   chromedriver                        0x000000010350a220 cxxbridge1$str$ptr + 2891948
9   chromedriver                        0x000000010350d910 cxxbridge1$str$ptr + 2906012
10  chromedriver                        0x00000001034ef5d8 cxxbridge1$str$ptr + 2782308
11  chromedriver                        0x000000010350e194 cxxbridge1$str$ptr + 2908192
12  chromedriver                        0x00000001034e0090 cxxbridge1$str$ptr + 2719516
13  chromedriver                        0x0000000103532b30 cxxbridge1$str$ptr + 3058108
14  chromedriver                        0x0000000103532cac cxxbridge1$str$ptr + 3058488
15  chromedriver                        0x0000000103543680 cxxbridge1$str$ptr + 3126540
16  libsystem_pthread.dylib             0x0000000189ac3c08 _pthread_start + 136
17  libsystem_pthread.dylib             0x0000000189abeba8 thread_start + 8

[2026-03-24T12:41:19.246526] Error processing business 11: Message: stale element reference: stale element not found in the current frame
  (Session info: chrome=146.0.7680.165); For documentation on this error, please visit: https://www.selenium.dev/documentation/webdriver/troubleshooting/errors#staleelementreferenceexception
Stacktrace:
0   chromedriver                        0x000000010354b99c cxxbridge1$str$ptr + 3160104
1   chromedriver                        0x0000000103543a28 cxxbridge1$str$ptr + 3127476
2   chromedriver                        0x0000000103017904 _RNvCskE0kXQ3GIWk_7___rustc35___rust_no_alloc_shim_is_unstable_v2 + 75036
3   chromedriver                        0x000000010301db34 _RNvCskE0kXQ3GIWk_7___rustc35___rust_no_alloc_shim_is_unstable_v2 + 100172
4   chromedriver                        0x000000010302006c _RNvCskE0kXQ3GIWk_7___rustc35___rust_no_alloc_shim_is_unstable_v2 + 109700
5   chromedriver                        0x000000010309f470 _RNvCskE0kXQ3GIWk_7___rustc35___rust_no_alloc_shim_is_unstable_v2 + 630920
6   chromedriver                        0x000000010309e4d4 _RNvCskE0kXQ3GIWk_7___rustc35___rust_no_alloc_shim_is_unstable_v2 + 626924
7   chromedriver                        0x00000001030551a0 _RNvCskE0kXQ3GIWk_7___rustc35___rust_no_alloc_shim_is_unstable_v2 + 327096
8   chromedriver                        0x000000010350a220 cxxbridge1$str$ptr + 2891948
9   chromedriver                        0x000000010350d910 cxxbridge1$str$ptr + 2906012
10  chromedriver                        0x00000001034ef5d8 cxxbridge1$str$ptr + 2782308
11  chromedriver                        0x000000010350e194 cxxbridge1$str$ptr + 2908192
12  chromedriver                        0x00000001034e0090 cxxbridge1$str$ptr + 2719516
13  chromedriver                        0x0000000103532b30 cxxbridge1$str$ptr + 3058108
14  chromedriver                        0x0000000103532cac cxxbridge1$str$ptr + 3058488
15  chromedriver                        0x0000000103543680 cxxbridge1$str$ptr + 3126540
16  libsystem_pthread.dylib             0x0000000189ac3c08 _pthread_start + 136
17  libsystem_pthread.dylib             0x0000000189abeba8 thread_start + 8

[2026-03-24T12:41:19.249271] Error processing business 12: Message: stale element reference: stale element not found in the current frame
  (Session info: chrome=146.0.7680.165); For documentation on this error, please visit: https://www.selenium.dev/documentation/webdriver/troubleshooting/errors#staleelementreferenceexception
Stacktrace:
0   chromedriver                        0x000000010354b99c cxxbridge1$str$ptr + 3160104
1   chromedriver                        0x0000000103543a28 cxxbridge1$str$ptr + 3127476
2   chromedriver                        0x0000000103017904 _RNvCskE0kXQ3GIWk_7___rustc35___rust_no_alloc_shim_is_unstable_v2 + 75036
3   chromedriver                        0x000000010301db34 _RNvCskE0kXQ3GIWk_7___rustc35___rust_no_alloc_shim_is_unstable_v2 + 100172
4   chromedriver                        0x000000010302006c _RNvCskE0kXQ3GIWk_7___rustc35___rust_no_alloc_shim_is_unstable_v2 + 109700
5   chromedriver                        0x000000010309f470 _RNvCskE0kXQ3GIWk_7___rustc35___rust_no_alloc_shim_is_unstable_v2 + 630920
6   chromedriver                        0x000000010309e4d4 _RNvCskE0kXQ3GIWk_7___rustc35___rust_no_alloc_shim_is_unstable_v2 + 626924
7   chromedriver                        0x00000001030551a0 _RNvCskE0kXQ3GIWk_7___rustc35___rust_no_alloc_shim_is_unstable_v2 + 327096
8   chromedriver                        0x000000010350a220 cxxbridge1$str$ptr + 2891948
9   chromedriver                        0x000000010350d910 cxxbridge1$str$ptr + 2906012
10  chromedriver                        0x00000001034ef5d8 cxxbridge1$str$ptr + 2782308
11  chromedriver                        0x000000010350e194 cxxbridge1$str$ptr + 2908192
12  chromedriver                        0x00000001034e0090 cxxbridge1$str$ptr + 2719516
13  chromedriver                        0x0000000103532b30 cxxbridge1$str$ptr + 3058108
14  chromedriver                        0x0000000103532cac cxxbridge1$str$ptr + 3058488
15  chromedriver                        0x0000000103543680 cxxbridge1$str$ptr + 3126540
16  libsystem_pthread.dylib             0x0000000189ac3c08 _pthread_start + 136
17  libsystem_pthread.dylib             0x0000000189abeba8 thread_start + 8

[2026-03-24T12:41:19.251979] Error processing business 13: Message: stale element reference: stale element not found in the current frame
  (Session info: chrome=146.0.7680.165); For documentation on this error, please visit: https://www.selenium.dev/documentation/webdriver/troubleshooting/errors#staleelementreferenceexception
Stacktrace:
0   chromedriver                        0x000000010354b99c cxxbridge1$str$ptr + 3160104
1   chromedriver                        0x0000000103543a28 cxxbridge1$str$ptr + 3127476
2   chromedriver                        0x0000000103017904 _RNvCskE0kXQ3GIWk_7___rustc35___rust_no_alloc_shim_is_unstable_v2 + 75036
3   chromedriver                        0x000000010301db34 _RNvCskE0kXQ3GIWk_7___rustc35___rust_no_alloc_shim_is_unstable_v2 + 100172
4   chromedriver                        0x000000010302006c _RNvCskE0kXQ3GIWk_7___rustc35___rust_no_alloc_shim_is_unstable_v2 + 109700
5   chromedriver                        0x000000010309f470 _RNvCskE0kXQ3GIWk_7___rustc35___rust_no_alloc_shim_is_unstable_v2 + 630920
6   chromedriver                        0x000000010309e4d4 _RNvCskE0kXQ3GIWk_7___rustc35___rust_no_alloc_shim_is_unstable_v2 + 626924
7   chromedriver                        0x00000001030551a0 _RNvCskE0kXQ3GIWk_7___rustc35___rust_no_alloc_shim_is_unstable_v2 + 327096
8   chromedriver                        0x000000010350a220 cxxbridge1$str$ptr + 2891948
9   chromedriver                        0x000000010350d910 cxxbridge1$str$ptr + 2906012
10  chromedriver                        0x00000001034ef5d8 cxxbridge1$str$ptr + 2782308
11  chromedriver                        0x000000010350e194 cxxbridge1$str$ptr + 2908192
12  chromedriver                        0x00000001034e0090 cxxbridge1$str$ptr + 2719516
13  chromedriver                        0x0000000103532b30 cxxbridge1$str$ptr + 3058108
14  chromedriver                        0x0000000103532cac cxxbridge1$str$ptr + 3058488
15  chromedriver                        0x0000000103543680 cxxbridge1$str$ptr + 3126540
16  libsystem_pthread.dylib             0x0000000189ac3c08 _pthread_start + 136
17  libsystem_pthread.dylib             0x0000000189abeba8 thread_start + 8

[2026-03-24T12:41:19.254658] Error processing business 14: Message: stale element reference: stale element not found in the current frame
  (Session info: chrome=146.0.7680.165); For documentation on this error, please visit: https://www.selenium.dev/documentation/webdriver/troubleshooting/errors#staleelementreferenceexception
Stacktrace:
0   chromedriver                        0x000000010354b99c cxxbridge1$str$ptr + 3160104
1   chromedriver                        0x0000000103543a28 cxxbridge1$str$ptr + 3127476
2   chromedriver                        0x0000000103017904 _RNvCskE0kXQ3GIWk_7___rustc35___rust_no_alloc_shim_is_unstable_v2 + 75036
3   chromedriver                        0x000000010301db34 _RNvCskE0kXQ3GIWk_7___rustc35___rust_no_alloc_shim_is_unstable_v2 + 100172
4   chromedriver                        0x000000010302006c _RNvCskE0kXQ3GIWk_7___rustc35___rust_no_alloc_shim_is_unstable_v2 + 109700
5   chromedriver                        0x000000010309f470 _RNvCskE0kXQ3GIWk_7___rustc35___rust_no_alloc_shim_is_unstable_v2 + 630920
6   chromedriver                        0x000000010309e4d4 _RNvCskE0kXQ3GIWk_7___rustc35___rust_no_alloc_shim_is_unstable_v2 + 626924
7   chromedriver                        0x00000001030551a0 _RNvCskE0kXQ3GIWk_7___rustc35___rust_no_alloc_shim_is_unstable_v2 + 327096
8   chromedriver                        0x000000010350a220 cxxbridge1$str$ptr + 2891948
9   chromedriver                        0x000000010350d910 cxxbridge1$str$ptr + 2906012
10  chromedriver                        0x00000001034ef5d8 cxxbridge1$str$ptr + 2782308
11  chromedriver                        0x000000010350e194 cxxbridge1$str$ptr + 2908192
12  chromedriver                        0x00000001034e0090 cxxbridge1$str$ptr + 2719516
13  chromedriver                        0x0000000103532b30 cxxbridge1$str$ptr + 3058108
14  chromedriver                        0x0000000103532cac cxxbridge1$str$ptr + 3058488
15  chromedriver                        0x0000000103543680 cxxbridge1$str$ptr + 3126540
16  libsystem_pthread.dylib             0x0000000189ac3c08 _pthread_start + 136
17  libsystem_pthread.dylib             0x0000000189abeba8 thread_start + 8

[2026-03-24T12:41:19.255918] ✅ Saved 1 contacts to property-managers.csv
[2026-03-24T12:41:19.256903] ⏳ Waiting 13.0s before next search...
[2026-03-24T12:41:32.284677] Searching: property management companies in Fuquay Varina, NC
[2026-03-24T12:41:53.384760] Found 30 business listings
[2026-03-24T12:41:56.496360] ✓ Extracted: Encore Properties (info@www.encore-pm.com)
[2026-03-24T12:41:57.614371] Error processing business 1: Message: stale element reference: stale element not found in the current frame
  (Session info: chrome=146.0.7680.165); For documentation on this error, please visit: https://www.selenium.dev/documentation/webdriver/troubleshooting/errors#staleelementreferenceexception
Stacktrace:
0   chromedriver                        0x000000010354b99c cxxbridge1$str$ptr + 3160104
1   chromedriver                        0x0000000103543a28 cxxbridge1$str$ptr + 3127476
2   chromedriver                        0x0000000103017904 _RNvCskE0kXQ3GIWk_7___rustc35___rust_no_alloc_shim_is_unstable_v2 + 75036
3   chromedriver                        0x000000010301db34 _RNvCskE0kXQ3GIWk_7___rustc35___rust_no_alloc_shim_is_unstable_v2 + 100172
4   chromedriver                        0x000000010302006c _RNvCskE0kXQ3GIWk_7___rustc35___rust_no_alloc_shim_is_unstable_v2 + 109700
5   chromedriver                        0x000000010309f470 _RNvCskE0kXQ3GIWk_7___rustc35___rust_no_alloc_shim_is_unstable_v2 + 630920
6   chromedriver                        0x000000010309e4d4 _RNvCskE0kXQ3GIWk_7___rustc35___rust_no_alloc_shim_is_unstable_v2 + 626924
7   chromedriver                        0x00000001030551a0 _RNvCskE0kXQ3GIWk_7___rustc35___rust_no_alloc_shim_is_unstable_v2 + 327096
8   chromedriver                        0x000000010350a220 cxxbridge1$str$ptr + 2891948
9   chromedriver                        0x000000010350d910 cxxbridge1$str$ptr + 2906012
10  chromedriver                        0x00000001034ef5d8 cxxbridge1$str$ptr + 2782308
11  chromedriver                        0x000000010350e194 cxxbridge1$str$ptr + 2908192
12  chromedriver                        0x00000001034e0090 cxxbridge1$str$ptr + 2719516
13  chromedriver                        0x0000000103532b30 cxxbridge1$str$ptr + 3058108
14  chromedriver                        0x0000000103532cac cxxbridge1$str$ptr + 3058488
15  chromedriver                        0x0000000103543680 cxxbridge1$str$ptr + 3126540
16  libsystem_pthread.dylib             0x0000000189ac3c08 _pthread_start + 136
17  libsystem_pthread.dylib             0x0000000189abeba8 thread_start + 8

[2026-03-24T12:41:57.621830] Error processing business 2: Message: stale element reference: stale element not found in the current frame
  (Session info: chrome=146.0.7680.165); For documentation on this error, please visit: https://www.selenium.dev/documentation/webdriver/troubleshooting/errors#staleelementreferenceexception
Stacktrace:
0   chromedriver                        0x000000010354b99c cxxbridge1$str$ptr + 3160104
1   chromedriver                        0x0000000103543a28 cxxbridge1$str$ptr + 3127476
2   chromedriver                        0x0000000103017904 _RNvCskE0kXQ3GIWk_7___rustc35___rust_no_alloc_shim_is_unstable_v2 + 75036
3   chromedriver                        0x000000010301db34 _RNvCskE0kXQ3GIWk_7___rustc35___rust_no_alloc_shim_is_unstable_v2 + 100172
4   chromedriver                        0x000000010302006c _RNvCskE0kXQ3GIWk_7___rustc35___rust_no_alloc_shim_is_unstable_v2 + 109700
5   chromedriver                        0x000000010309f470 _RNvCskE0kXQ3GIWk_7___rustc35___rust_no_alloc_shim_is_unstable_v2 + 630920
6   chromedriver                        0x000000010309e4d4 _RNvCskE0kXQ3GIWk_7___rustc35___rust_no_alloc_shim_is_unstable_v2 + 626924
7   chromedriver                        0x00000001030551a0 _RNvCskE0kXQ3GIWk_7___rustc35___rust_no_alloc_shim_is_unstable_v2 + 327096
8   chromedriver                        0x000000010350a220 cxxbridge1$str$ptr + 2891948
9   chromedriver                        0x000000010350d910 cxxbridge1$str$ptr + 2906012
10  chromedriver                        0x00000001034ef5d8 cxxbridge1$str$ptr + 2782308
11  chromedriver                        0x000000010350e194 cxxbridge1$str$ptr + 2908192
12  chromedriver                        0x00000001034e0090 cxxbridge1$str$ptr + 2719516
13  chromedriver                        0x0000000103532b30 cxxbridge1$str$ptr + 3058108
14  chromedriver                        0x0000000103532cac cxxbridge1$str$ptr + 3058488
15  chromedriver                        0x0000000103543680 cxxbridge1$str$ptr + 3126540
16  libsystem_pthread.dylib             0x0000000189ac3c08 _pthread_start + 136
17  libsystem_pthread.dylib             0x0000000189abeba8 thread_start + 8

[2026-03-24T12:41:57.627988] Error processing business 3: Message: stale element reference: stale element not found in the current frame
  (Session info: chrome=146.0.7680.165); For documentation on this error, please visit: https://www.selenium.dev/documentation/webdriver/troubleshooting/errors#staleelementreferenceexception
Stacktrace:
0   chromedriver                        0x000000010354b99c cxxbridge1$str$ptr + 3160104
1   chromedriver                        0x0000000103543a28 cxxbridge1$str$ptr + 3127476
2   chromedriver                        0x0000000103017904 _RNvCskE0kXQ3GIWk_7___rustc35___rust_no_alloc_shim_is_unstable_v2 + 75036
3   chromedriver                        0x000000010301db34 _RNvCskE0kXQ3GIWk_7___rustc35___rust_no_alloc_shim_is_unstable_v2 + 100172
4   chromedriver                        0x000000010302006c _RNvCskE0kXQ3GIWk_7___rustc35___rust_no_alloc_shim_is_unstable_v2 + 109700
5   chromedriver                        0x000000010309f470 _RNvCskE0kXQ3GIWk_7___rustc35___rust_no_alloc_shim_is_unstable_v2 + 630920
6   chromedriver                        0x000000010309e4d4 _RNvCskE0kXQ3GIWk_7___rustc35___rust_no_alloc_shim_is_unstable_v2 + 626924
7   chromedriver                        0x00000001030551a0 _RNvCskE0kXQ3GIWk_7___rustc35___rust_no_alloc_shim_is_unstable_v2 + 327096
8   chromedriver                        0x000000010350a220 cxxbridge1$str$ptr + 2891948
9   chromedriver                        0x000000010350d910 cxxbridge1$str$ptr + 2906012
10  chromedriver                        0x00000001034ef5d8 cxxbridge1$str$ptr + 2782308
11  chromedriver                        0x000000010350e194 cxxbridge1$str$ptr + 2908192
12  chromedriver                        0x00000001034e0090 cxxbridge1$str$ptr + 2719516
13  chromedriver                        0x0000000103532b30 cxxbridge1$str$ptr + 3058108
14  chromedriver                        0x0000000103532cac cxxbridge1$str$ptr + 3058488
15  chromedriver                        0x0000000103543680 cxxbridge1$str$ptr + 3126540
16  libsystem_pthread.dylib             0x0000000189ac3c08 _pthread_start + 136
17  libsystem_pthread.dylib             0x0000000189abeba8 thread_start + 8

[2026-03-24T12:41:57.632781] Error processing business 4: Message: stale element reference: stale element not found in the current frame
  (Session info: chrome=146.0.7680.165); For documentation on this error, please visit: https://www.selenium.dev/documentation/webdriver/troubleshooting/errors#staleelementreferenceexception
Stacktrace:
0   chromedriver                        0x000000010354b99c cxxbridge1$str$ptr + 3160104
1   chromedriver                        0x0000000103543a28 cxxbridge1$str$ptr + 3127476
2   chromedriver                        0x0000000103017904 _RNvCskE0kXQ3GIWk_7___rustc35___rust_no_alloc_shim_is_unstable_v2 + 75036
3   chromedriver                        0x000000010301db34 _RNvCskE0kXQ3GIWk_7___rustc35___rust_no_alloc_shim_is_unstable_v2 + 100172
4   chromedriver                        0x000000010302006c _RNvCskE0kXQ3GIWk_7___rustc35___rust_no_alloc_shim_is_unstable_v2 + 109700
5   chromedriver                        0x000000010309f470 _RNvCskE0kXQ3GIWk_7___rustc35___rust_no_alloc_shim_is_unstable_v2 + 630920
6   chromedriver                        0x000000010309e4d4 _RNvCskE0kXQ3GIWk_7___rustc35___rust_no_alloc_shim_is_unstable_v2 + 626924
7   chromedriver                        0x00000001030551a0 _RNvCskE0kXQ3GIWk_7___rustc35___rust_no_alloc_shim_is_unstable_v2 + 327096
8   chromedriver                        0x000000010350a220 cxxbridge1$str$ptr + 2891948
9   chromedriver                        0x000000010350d910 cxxbridge1$str$ptr + 2906012
10  chromedriver                        0x00000001034ef5d8 cxxbridge1$str$ptr + 2782308
11  chromedriver                        0x000000010350e194 cxxbridge1$str$ptr + 2908192
12  chromedriver                        0x00000001034e0090 cxxbridge1$str$ptr + 2719516
13  chromedriver                        0x0000000103532b30 cxxbridge1$str$ptr + 3058108
14  chromedriver                        0x0000000103532cac cxxbridge1$str$ptr + 3058488
15  chromedriver                        0x0000000103543680 cxxbridge1$str$ptr + 3126540
16  libsystem_pthread.dylib             0x0000000189ac3c08 _pthread_start + 136
17  libsystem_pthread.dylib             0x0000000189abeba8 thread_start + 8

[2026-03-24T12:41:57.636978] Error processing business 5: Message: stale element reference: stale element not found in the current frame
  (Session info: chrome=146.0.7680.165); For documentation on this error, please visit: https://www.selenium.dev/documentation/webdriver/troubleshooting/errors#staleelementreferenceexception
Stacktrace:
0   chromedriver                        0x000000010354b99c cxxbridge1$str$ptr + 3160104
1   chromedriver                        0x0000000103543a28 cxxbridge1$str$ptr + 3127476
2   chromedriver                        0x0000000103017904 _RNvCskE0kXQ3GIWk_7___rustc35___rust_no_alloc_shim_is_unstable_v2 + 75036
3   chromedriver                        0x000000010301db34 _RNvCskE0kXQ3GIWk_7___rustc35___rust_no_alloc_shim_is_unstable_v2 + 100172
4   chromedriver                        0x000000010302006c _RNvCskE0kXQ3GIWk_7___rustc35___rust_no_alloc_shim_is_unstable_v2 + 109700
5   chromedriver                        0x000000010309f470 _RNvCskE0kXQ3GIWk_7___rustc35___rust_no_alloc_shim_is_unstable_v2 + 630920
6   chromedriver                        0x000000010309e4d4 _RNvCskE0kXQ3GIWk_7___rustc35___rust_no_alloc_shim_is_unstable_v2 + 626924
7   chromedriver                        0x00000001030551a0 _RNvCskE0kXQ3GIWk_7___rustc35___rust_no_alloc_shim_is_unstable_v2 + 327096
8   chromedriver                        0x000000010350a220 cxxbridge1$str$ptr + 2891948
9   chromedriver                        0x000000010350d910 cxxbridge1$str$ptr + 2906012
10  chromedriver                        0x00000001034ef5d8 cxxbridge1$str$ptr + 2782308
11  chromedriver                        0x000000010350e194 cxxbridge1$str$ptr + 2908192
12  chromedriver                        0x00000001034e0090 cxxbridge1$str$ptr + 2719516
13  chromedriver                        0x0000000103532b30 cxxbridge1$str$ptr + 3058108
14  chromedriver                        0x0000000103532cac cxxbridge1$str$ptr + 3058488
15  chromedriver                        0x0000000103543680 cxxbridge1$str$ptr + 3126540
16  libsystem_pthread.dylib             0x0000000189ac3c08 _pthread_start + 136
17  libsystem_pthread.dylib             0x0000000189abeba8 thread_start + 8

[2026-03-24T12:41:57.640916] Error processing business 6: Message: stale element reference: stale element not found in the current frame
  (Session info: chrome=146.0.7680.165); For documentation on this error, please visit: https://www.selenium.dev/documentation/webdriver/troubleshooting/errors#staleelementreferenceexception
Stacktrace:
0   chromedriver                        0x000000010354b99c cxxbridge1$str$ptr + 3160104
1   chromedriver                        0x0000000103543a28 cxxbridge1$str$ptr + 3127476
2   chromedriver                        0x0000000103017904 _RNvCskE0kXQ3GIWk_7___rustc35___rust_no_alloc_shim_is_unstable_v2 + 75036
3   chromedriver                        0x000000010301db34 _RNvCskE0kXQ3GIWk_7___rustc35___rust_no_alloc_shim_is_unstable_v2 + 100172
4   chromedriver                        0x000000010302006c _RNvCskE0kXQ3GIWk_7___rustc35___rust_no_alloc_shim_is_unstable_v2 + 109700
5   chromedriver                        0x000000010309f470 _RNvCskE0kXQ3GIWk_7___rustc35___rust_no_alloc_shim_is_unstable_v2 + 630920
6   chromedriver                        0x000000010309e4d4 _RNvCskE0kXQ3GIWk_7___rustc35___rust_no_alloc_shim_is_unstable_v2 + 626924
7   chromedriver                        0x00000001030551a0 _RNvCskE0kXQ3GIWk_7___rustc35___rust_no_alloc_shim_is_unstable_v2 + 327096
8   chromedriver                        0x000000010350a220 cxxbridge1$str$ptr + 2891948
9   chromedriver                        0x000000010350d910 cxxbridge1$str$ptr + 2906012
10  chromedriver                        0x00000001034ef5d8 cxxbridge1$str$ptr + 2782308
11  chromedriver                        0x000000010350e194 cxxbridge1$str$ptr + 2908192
12  chromedriver                        0x00000001034e0090 cxxbridge1$str$ptr + 2719516
13  chromedriver                        0x0000000103532b30 cxxbridge1$str$ptr + 3058108
14  chromedriver                        0x0000000103532cac cxxbridge1$str$ptr + 3058488
15  chromedriver                        0x0000000103543680 cxxbridge1$str$ptr + 3126540
16  libsystem_pthread.dylib             0x0000000189ac3c08 _pthread_start + 136
17  libsystem_pthread.dylib             0x0000000189abeba8 thread_start + 8

[2026-03-24T12:41:57.645166] Error processing business 7: Message: stale element reference: stale element not found in the current frame
  (Session info: chrome=146.0.7680.165); For documentation on this error, please visit: https://www.selenium.dev/documentation/webdriver/troubleshooting/errors#staleelementreferenceexception
Stacktrace:
0   chromedriver                        0x000000010354b99c cxxbridge1$str$ptr + 3160104
1   chromedriver                        0x0000000103543a28 cxxbridge1$str$ptr + 3127476
2   chromedriver                        0x0000000103017904 _RNvCskE0kXQ3GIWk_7___rustc35___rust_no_alloc_shim_is_unstable_v2 + 75036
3   chromedriver                        0x000000010301db34 _RNvCskE0kXQ3GIWk_7___rustc35___rust_no_alloc_shim_is_unstable_v2 + 100172
4   chromedriver                        0x000000010302006c _RNvCskE0kXQ3GIWk_7___rustc35___rust_no_alloc_shim_is_unstable_v2 + 109700
5   chromedriver                        0x000000010309f470 _RNvCskE0kXQ3GIWk_7___rustc35___rust_no_alloc_shim_is_unstable_v2 + 630920
6   chromedriver                        0x000000010309e4d4 _RNvCskE0kXQ3GIWk_7___rustc35___rust_no_alloc_shim_is_unstable_v2 + 626924
7   chromedriver                        0x00000001030551a0 _RNvCskE0kXQ3GIWk_7___rustc35___rust_no_alloc_shim_is_unstable_v2 + 327096
8   chromedriver                        0x000000010350a220 cxxbridge1$str$ptr + 2891948
9   chromedriver                        0x000000010350d910 cxxbridge1$str$ptr + 2906012
10  chromedriver                        0x00000001034ef5d8 cxxbridge1$str$ptr + 2782308
11  chromedriver                        0x000000010350e194 cxxbridge1$str$ptr + 2908192
12  chromedriver                        0x00000001034e0090 cxxbridge1$str$ptr + 2719516
13  chromedriver                        0x0000000103532b30 cxxbridge1$str$ptr + 3058108
14  chromedriver                        0x0000000103532cac cxxbridge1$str$ptr + 3058488
15  chromedriver                        0x0000000103543680 cxxbridge1$str$ptr + 3126540
16  libsystem_pthread.dylib             0x0000000189ac3c08 _pthread_start + 136
17  libsystem_pthread.dylib             0x0000000189abeba8 thread_start + 8

[2026-03-24T12:41:57.648735] Error processing business 8: Message: stale element reference: stale element not found in the current frame
  (Session info: chrome=146.0.7680.165); For documentation on this error, please visit: https://www.selenium.dev/documentation/webdriver/troubleshooting/errors#staleelementreferenceexception
Stacktrace:
0   chromedriver                        0x000000010354b99c cxxbridge1$str$ptr + 3160104
1   chromedriver                        0x0000000103543a28 cxxbridge1$str$ptr + 3127476
2   chromedriver                        0x0000000103017904 _RNvCskE0kXQ3GIWk_7___rustc35___rust_no_alloc_shim_is_unstable_v2 + 75036
3   chromedriver                        0x000000010301db34 _RNvCskE0kXQ3GIWk_7___rustc35___rust_no_alloc_shim_is_unstable_v2 + 100172
4   chromedriver                        0x000000010302006c _RNvCskE0kXQ3GIWk_7___rustc35___rust_no_alloc_shim_is_unstable_v2 + 109700
5   chromedriver                        0x000000010309f470 _RNvCskE0kXQ3GIWk_7___rustc35___rust_no_alloc_shim_is_unstable_v2 + 630920
6   chromedriver                        0x000000010309e4d4 _RNvCskE0kXQ3GIWk_7___rustc35___rust_no_alloc_shim_is_unstable_v2 + 626924
7   chromedriver                        0x00000001030551a0 _RNvCskE0kXQ3GIWk_7___rustc35___rust_no_alloc_shim_is_unstable_v2 + 327096
8   chromedriver                        0x000000010350a220 cxxbridge1$str$ptr + 2891948
9   chromedriver                        0x000000010350d910 cxxbridge1$str$ptr + 2906012
10  chromedriver                        0x00000001034ef5d8 cxxbridge1$str$ptr + 2782308
11  chromedriver                        0x000000010350e194 cxxbridge1$str$ptr + 2908192
12  chromedriver                        0x00000001034e0090 cxxbridge1$str$ptr + 2719516
13  chromedriver                        0x0000000103532b30 cxxbridge1$str$ptr + 3058108
14  chromedriver                        0x0000000103532cac cxxbridge1$str$ptr + 3058488
15  chromedriver                        0x0000000103543680 cxxbridge1$str$ptr + 3126540
16  libsystem_pthread.dylib             0x0000000189ac3c08 _pthread_start + 136
17  libsystem_pthread.dylib             0x0000000189abeba8 thread_start + 8

[2026-03-24T12:41:57.652374] Error processing business 9: Message: stale element reference: stale element not found in the current frame
  (Session info: chrome=146.0.7680.165); For documentation on this error, please visit: https://www.selenium.dev/documentation/webdriver/troubleshooting/errors#staleelementreferenceexception
Stacktrace:
0   chromedriver                        0x000000010354b99c cxxbridge1$str$ptr + 3160104
1   chromedriver                        0x0000000103543a28 cxxbridge1$str$ptr + 3127476
2   chromedriver                        0x0000000103017904 _RNvCskE0kXQ3GIWk_7___rustc35___rust_no_alloc_shim_is_unstable_v2 + 75036
3   chromedriver                        0x000000010301db34 _RNvCskE0kXQ3GIWk_7___rustc35___rust_no_alloc_shim_is_unstable_v2 + 100172
4   chromedriver                        0x000000010302006c _RNvCskE0kXQ3GIWk_7___rustc35___rust_no_alloc_shim_is_unstable_v2 + 109700
5   chromedriver                        0x000000010309f470 _RNvCskE0kXQ3GIWk_7___rustc35___rust_no_alloc_shim_is_unstable_v2 + 630920
6   chromedriver                        0x000000010309e4d4 _RNvCskE0kXQ3GIWk_7___rustc35___rust_no_alloc_shim_is_unstable_v2 + 626924
7   chromedriver                        0x00000001030551a0 _RNvCskE0kXQ3GIWk_7___rustc35___rust_no_alloc_shim_is_unstable_v2 + 327096
8   chromedriver                        0x000000010350a220 cxxbridge1$str$ptr + 2891948
9   chromedriver                        0x000000010350d910 cxxbridge1$str$ptr + 2906012
10  chromedriver                        0x00000001034ef5d8 cxxbridge1$str$ptr + 2782308
11  chromedriver                        0x000000010350e194 cxxbridge1$str$ptr + 2908192
12  chromedriver                        0x00000001034e0090 cxxbridge1$str$ptr + 2719516
13  chromedriver                        0x0000000103532b30 cxxbridge1$str$ptr + 3058108
14  chromedriver                        0x0000000103532cac cxxbridge1$str$ptr + 3058488
15  chromedriver                        0x0000000103543680 cxxbridge1$str$ptr + 3126540
16  libsystem_pthread.dylib             0x0000000189ac3c08 _pthread_start + 136
17  libsystem_pthread.dylib             0x0000000189abeba8 thread_start + 8

[2026-03-24T12:41:57.655635] Error processing business 10: Message: stale element reference: stale element not found in the current frame
  (Session info: chrome=146.0.7680.165); For documentation on this error, please visit: https://www.selenium.dev/documentation/webdriver/troubleshooting/errors#staleelementreferenceexception
Stacktrace:
0   chromedriver                        0x000000010354b99c cxxbridge1$str$ptr + 3160104
1   chromedriver                        0x0000000103543a28 cxxbridge1$str$ptr + 3127476
2   chromedriver                        0x0000000103017904 _RNvCskE0kXQ3GIWk_7___rustc35___rust_no_alloc_shim_is_unstable_v2 + 75036
3   chromedriver                        0x000000010301db34 _RNvCskE0kXQ3GIWk_7___rustc35___rust_no_alloc_shim_is_unstable_v2 + 100172
4   chromedriver                        0x000000010302006c _RNvCskE0kXQ3GIWk_7___rustc35___rust_no_alloc_shim_is_unstable_v2 + 109700
5   chromedriver                        0x000000010309f470 _RNvCskE0kXQ3GIWk_7___rustc35___rust_no_alloc_shim_is_unstable_v2 + 630920
6   chromedriver                        0x000000010309e4d4 _RNvCskE0kXQ3GIWk_7___rustc35___rust_no_alloc_shim_is_unstable_v2 + 626924
7   chromedriver                        0x00000001030551a0 _RNvCskE0kXQ3GIWk_7___rustc35___rust_no_alloc_shim_is_unstable_v2 + 327096
8   chromedriver                        0x000000010350a220 cxxbridge1$str$ptr + 2891948
9   chromedriver                        0x000000010350d910 cxxbridge1$str$ptr + 2906012
10  chromedriver                        0x00000001034ef5d8 cxxbridge1$str$ptr + 2782308
11  chromedriver                        0x000000010350e194 cxxbridge1$str$ptr + 2908192
12  chromedriver                        0x00000001034e0090 cxxbridge1$str$ptr + 2719516
13  chromedriver                        0x0000000103532b30 cxxbridge1$str$ptr + 3058108
14  chromedriver                        0x0000000103532cac cxxbridge1$str$ptr + 3058488
15  chromedriver                        0x0000000103543680 cxxbridge1$str$ptr + 3126540
16  libsystem_pthread.dylib             0x0000000189ac3c08 _pthread_start + 136
17  libsystem_pthread.dylib             0x0000000189abeba8 thread_start + 8

[2026-03-24T12:41:57.659024] Error processing business 11: Message: stale element reference: stale element not found in the current frame
  (Session info: chrome=146.0.7680.165); For documentation on this error, please visit: https://www.selenium.dev/documentation/webdriver/troubleshooting/errors#staleelementreferenceexception
Stacktrace:
0   chromedriver                        0x000000010354b99c cxxbridge1$str$ptr + 3160104
1   chromedriver                        0x0000000103543a28 cxxbridge1$str$ptr + 3127476
2   chromedriver                        0x0000000103017904 _RNvCskE0kXQ3GIWk_7___rustc35___rust_no_alloc_shim_is_unstable_v2 + 75036
3   chromedriver                        0x000000010301db34 _RNvCskE0kXQ3GIWk_7___rustc35___rust_no_alloc_shim_is_unstable_v2 + 100172
4   chromedriver                        0x000000010302006c _RNvCskE0kXQ3GIWk_7___rustc35___rust_no_alloc_shim_is_unstable_v2 + 109700
5   chromedriver                        0x000000010309f470 _RNvCskE0kXQ3GIWk_7___rustc35___rust_no_alloc_shim_is_unstable_v2 + 630920
6   chromedriver                        0x000000010309e4d4 _RNvCskE0kXQ3GIWk_7___rustc35___rust_no_alloc_shim_is_unstable_v2 + 626924
7   chromedriver                        0x00000001030551a0 _RNvCskE0kXQ3GIWk_7___rustc35___rust_no_alloc_shim_is_unstable_v2 + 327096
8   chromedriver                        0x000000010350a220 cxxbridge1$str$ptr + 2891948
9   chromedriver                        0x000000010350d910 cxxbridge1$str$ptr + 2906012
10  chromedriver                        0x00000001034ef5d8 cxxbridge1$str$ptr + 2782308
11  chromedriver                        0x000000010350e194 cxxbridge1$str$ptr + 2908192
12  chromedriver                        0x00000001034e0090 cxxbridge1$str$ptr + 2719516
13  chromedriver                        0x0000000103532b30 cxxbridge1$str$ptr + 3058108
14  chromedriver                        0x0000000103532cac cxxbridge1$str$ptr + 3058488
15  chromedriver                        0x0000000103543680 cxxbridge1$str$ptr + 3126540
16  libsystem_pthread.dylib             0x0000000189ac3c08 _pthread_start + 136
17  libsystem_pthread.dylib             0x0000000189abeba8 thread_start + 8

[2026-03-24T12:41:57.662300] Error processing business 12: Message: stale element reference: stale element not found in the current frame
  (Session info: chrome=146.0.7680.165); For documentation on this error, please visit: https://www.selenium.dev/documentation/webdriver/troubleshooting/errors#staleelementreferenceexception
Stacktrace:
0   chromedriver                        0x000000010354b99c cxxbridge1$str$ptr + 3160104
1   chromedriver                        0x0000000103543a28 cxxbridge1$str$ptr + 3127476
2   chromedriver                        0x0000000103017904 _RNvCskE0kXQ3GIWk_7___rustc35___rust_no_alloc_shim_is_unstable_v2 + 75036
3   chromedriver                        0x000000010301db34 _RNvCskE0kXQ3GIWk_7___rustc35___rust_no_alloc_shim_is_unstable_v2 + 100172
4   chromedriver                        0x000000010302006c _RNvCskE0kXQ3GIWk_7___rustc35___rust_no_alloc_shim_is_unstable_v2 + 109700
5   chromedriver                        0x000000010309f470 _RNvCskE0kXQ3GIWk_7___rustc35___rust_no_alloc_shim_is_unstable_v2 + 630920
6   chromedriver                        0x000000010309e4d4 _RNvCskE0kXQ3GIWk_7___rustc35___rust_no_alloc_shim_is_unstable_v2 + 626924
7   chromedriver                        0x00000001030551a0 _RNvCskE0kXQ3GIWk_7___rustc35___rust_no_alloc_shim_is_unstable_v2 + 327096
8   chromedriver                        0x000000010350a220 cxxbridge1$str$ptr + 2891948
9   chromedriver                        0x000000010350d910 cxxbridge1$str$ptr + 2906012
10  chromedriver                        0x00000001034ef5d8 cxxbridge1$str$ptr + 2782308
11  chromedriver                        0x000000010350e194 cxxbridge1$str$ptr + 2908192
12  chromedriver                        0x00000001034e0090 cxxbridge1$str$ptr + 2719516
13  chromedriver                        0x0000000103532b30 cxxbridge1$str$ptr + 3058108
14  chromedriver                        0x0000000103532cac cxxbridge1$str$ptr + 3058488
15  chromedriver                        0x0000000103543680 cxxbridge1$str$ptr + 3126540
16  libsystem_pthread.dylib             0x0000000189ac3c08 _pthread_start + 136
17  libsystem_pthread.dylib             0x0000000189abeba8 thread_start + 8

[2026-03-24T12:41:57.665252] Error processing business 13: Message: stale element reference: stale element not found in the current frame
  (Session info: chrome=146.0.7680.165); For documentation on this error, please visit: https://www.selenium.dev/documentation/webdriver/troubleshooting/errors#staleelementreferenceexception
Stacktrace:
0   chromedriver                        0x000000010354b99c cxxbridge1$str$ptr + 3160104
1   chromedriver                        0x0000000103543a28 cxxbridge1$str$ptr + 3127476
2   chromedriver                        0x0000000103017904 _RNvCskE0kXQ3GIWk_7___rustc35___rust_no_alloc_shim_is_unstable_v2 + 75036
3   chromedriver                        0x000000010301db34 _RNvCskE0kXQ3GIWk_7___rustc35___rust_no_alloc_shim_is_unstable_v2 + 100172
4   chromedriver                        0x000000010302006c _RNvCskE0kXQ3GIWk_7___rustc35___rust_no_alloc_shim_is_unstable_v2 + 109700
5   chromedriver                        0x000000010309f470 _RNvCskE0kXQ3GIWk_7___rustc35___rust_no_alloc_shim_is_unstable_v2 + 630920
6   chromedriver                        0x000000010309e4d4 _RNvCskE0kXQ3GIWk_7___rustc35___rust_no_alloc_shim_is_unstable_v2 + 626924
7   chromedriver                        0x00000001030551a0 _RNvCskE0kXQ3GIWk_7___rustc35___rust_no_alloc_shim_is_unstable_v2 + 327096
8   chromedriver                        0x000000010350a220 cxxbridge1$str$ptr + 2891948
9   chromedriver                        0x000000010350d910 cxxbridge1$str$ptr + 2906012
10  chromedriver                        0x00000001034ef5d8 cxxbridge1$str$ptr + 2782308
11  chromedriver                        0x000000010350e194 cxxbridge1$str$ptr + 2908192
12  chromedriver                        0x00000001034e0090 cxxbridge1$str$ptr + 2719516
13  chromedriver                        0x0000000103532b30 cxxbridge1$str$ptr + 3058108
14  chromedriver                        0x0000000103532cac cxxbridge1$str$ptr + 3058488
15  chromedriver                        0x0000000103543680 cxxbridge1$str$ptr + 3126540
16  libsystem_pthread.dylib             0x0000000189ac3c08 _pthread_start + 136
17  libsystem_pthread.dylib             0x0000000189abeba8 thread_start + 8

[2026-03-24T12:41:57.668112] Error processing business 14: Message: stale element reference: stale element not found in the current frame
  (Session info: chrome=146.0.7680.165); For documentation on this error, please visit: https://www.selenium.dev/documentation/webdriver/troubleshooting/errors#staleelementreferenceexception
Stacktrace:
0   chromedriver                        0x000000010354b99c cxxbridge1$str$ptr + 3160104
1   chromedriver                        0x0000000103543a28 cxxbridge1$str$ptr + 3127476
2   chromedriver                        0x0000000103017904 _RNvCskE0kXQ3GIWk_7___rustc35___rust_no_alloc_shim_is_unstable_v2 + 75036
3   chromedriver                        0x000000010301db34 _RNvCskE0kXQ3GIWk_7___rustc35___rust_no_alloc_shim_is_unstable_v2 + 100172
4   chromedriver                        0x000000010302006c _RNvCskE0kXQ3GIWk_7___rustc35___rust_no_alloc_shim_is_unstable_v2 + 109700
5   chromedriver                        0x000000010309f470 _RNvCskE0kXQ3GIWk_7___rustc35___rust_no_alloc_shim_is_unstable_v2 + 630920
6   chromedriver                        0x000000010309e4d4 _RNvCskE0kXQ3GIWk_7___rustc35___rust_no_alloc_shim_is_unstable_v2 + 626924
7   chromedriver                        0x00000001030551a0 _RNvCskE0kXQ3GIWk_7___rustc35___rust_no_alloc_shim_is_unstable_v2 + 327096
8   chromedriver                        0x000000010350a220 cxxbridge1$str$ptr + 2891948
9   chromedriver                        0x000000010350d910 cxxbridge1$str$ptr + 2906012
10  chromedriver                        0x00000001034ef5d8 cxxbridge1$str$ptr + 2782308
11  chromedriver                        0x000000010350e194 cxxbridge1$str$ptr + 2908192
12  chromedriver                        0x00000001034e0090 cxxbridge1$str$ptr + 2719516
13  chromedriver                        0x0000000103532b30 cxxbridge1$str$ptr + 3058108
14  chromedriver                        0x0000000103532cac cxxbridge1$str$ptr + 3058488
15  chromedriver                        0x0000000103543680 cxxbridge1$str$ptr + 3126540
16  libsystem_pthread.dylib             0x0000000189ac3c08 _pthread_start + 136
17  libsystem_pthread.dylib             0x0000000189abeba8 thread_start + 8

[2026-03-24T12:41:57.669515] ✅ Saved 1 contacts to property-managers.csv
[2026-03-24T12:41:57.670625] ⏳ Waiting 14.1s before next search...
[2026-03-24T12:42:11.920517] Searching: rental property managers in Fuquay Varina, NC
[2026-03-24T12:42:31.124359] Found 26 business listings
[2026-03-24T12:42:34.356721] ✓ Extracted: Encore Properties (info@www.encore-pm.com)
[2026-03-24T12:42:35.981530] Error processing business 1: Message: stale element reference: stale element not found in the current frame
  (Session info: chrome=146.0.7680.165); For documentation on this error, please visit: https://www.selenium.dev/documentation/webdriver/troubleshooting/errors#staleelementreferenceexception
Stacktrace:
0   chromedriver                        0x000000010354b99c cxxbridge1$str$ptr + 3160104
1   chromedriver                        0x0000000103543a28 cxxbridge1$str$ptr + 3127476
2   chromedriver                        0x0000000103017904 _RNvCskE0kXQ3GIWk_7___rustc35___rust_no_alloc_shim_is_unstable_v2 + 75036
3   chromedriver                        0x000000010301db34 _RNvCskE0kXQ3GIWk_7___rustc35___rust_no_alloc_shim_is_unstable_v2 + 100172
4   chromedriver                        0x000000010302006c _RNvCskE0kXQ3GIWk_7___rustc35___rust_no_alloc_shim_is_unstable_v2 + 109700
5   chromedriver                        0x000000010309f470 _RNvCskE0kXQ3GIWk_7___rustc35___rust_no_alloc_shim_is_unstable_v2 + 630920
6   chromedriver                        0x000000010309e4d4 _RNvCskE0kXQ3GIWk_7___rustc35___rust_no_alloc_shim_is_unstable_v2 + 626924
7   chromedriver                        0x00000001030551a0 _RNvCskE0kXQ3GIWk_7___rustc35___rust_no_alloc_shim_is_unstable_v2 + 327096
8   chromedriver                        0x000000010350a220 cxxbridge1$str$ptr + 2891948
9   chromedriver                        0x000000010350d910 cxxbridge1$str$ptr + 2906012
10  chromedriver                        0x00000001034ef5d8 cxxbridge1$str$ptr + 2782308
11  chromedriver                        0x000000010350e194 cxxbridge1$str$ptr + 2908192
12  chromedriver                        0x00000001034e0090 cxxbridge1$str$ptr + 2719516
13  chromedriver                        0x0000000103532b30 cxxbridge1$str$ptr + 3058108
14  chromedriver                        0x0000000103532cac cxxbridge1$str$ptr + 3058488
15  chromedriver                        0x0000000103543680 cxxbridge1$str$ptr + 3126540
16  libsystem_pthread.dylib             0x0000000189ac3c08 _pthread_start + 136
17  libsystem_pthread.dylib             0x0000000189abeba8 thread_start + 8

[2026-03-24T12:42:35.988168] Error processing business 2: Message: stale element reference: stale element not found in the current frame
  (Session info: chrome=146.0.7680.165); For documentation on this error, please visit: https://www.selenium.dev/documentation/webdriver/troubleshooting/errors#staleelementreferenceexception
Stacktrace:
0   chromedriver                        0x000000010354b99c cxxbridge1$str$ptr + 3160104
1   chromedriver                        0x0000000103543a28 cxxbridge1$str$ptr + 3127476
2   chromedriver                        0x0000000103017904 _RNvCskE0kXQ3GIWk_7___rustc35___rust_no_alloc_shim_is_unstable_v2 + 75036
3   chromedriver                        0x000000010301db34 _RNvCskE0kXQ3GIWk_7___rustc35___rust_no_alloc_shim_is_unstable_v2 + 100172
4   chromedriver                        0x000000010302006c _RNvCskE0kXQ3GIWk_7___rustc35___rust_no_alloc_shim_is_unstable_v2 + 109700
5   chromedriver                        0x000000010309f470 _RNvCskE0kXQ3GIWk_7___rustc35___rust_no_alloc_shim_is_unstable_v2 + 630920
6   chromedriver                        0x000000010309e4d4 _RNvCskE0kXQ3GIWk_7___rustc35___rust_no_alloc_shim_is_unstable_v2 + 626924
7   chromedriver                        0x00000001030551a0 _RNvCskE0kXQ3GIWk_7___rustc35___rust_no_alloc_shim_is_unstable_v2 + 327096
8   chromedriver                        0x000000010350a220 cxxbridge1$str$ptr + 2891948
9   chromedriver                        0x000000010350d910 cxxbridge1$str$ptr + 2906012
10  chromedriver                        0x00000001034ef5d8 cxxbridge1$str$ptr + 2782308
11  chromedriver                        0x000000010350e194 cxxbridge1$str$ptr + 2908192
12  chromedriver                        0x00000001034e0090 cxxbridge1$str$ptr + 2719516
13  chromedriver                        0x0000000103532b30 cxxbridge1$str$ptr + 3058108
14  chromedriver                        0x0000000103532cac cxxbridge1$str$ptr + 3058488
15  chromedriver                        0x0000000103543680 cxxbridge1$str$ptr + 3126540
16  libsystem_pthread.dylib             0x0000000189ac3c08 _pthread_start + 136
17  libsystem_pthread.dylib             0x0000000189abeba8 thread_start + 8

[2026-03-24T12:42:35.994558] Error processing business 3: Message: stale element reference: stale element not found in the current frame
  (Session info: chrome=146.0.7680.165); For documentation on this error, please visit: https://www.selenium.dev/documentation/webdriver/troubleshooting/errors#staleelementreferenceexception
Stacktrace:
0   chromedriver                        0x000000010354b99c cxxbridge1$str$ptr + 3160104
1   chromedriver                        0x0000000103543a28 cxxbridge1$str$ptr + 3127476
2   chromedriver                        0x0000000103017904 _RNvCskE0kXQ3GIWk_7___rustc35___rust_no_alloc_shim_is_unstable_v2 + 75036
3   chromedriver                        0x000000010301db34 _RNvCskE0kXQ3GIWk_7___rustc35___rust_no_alloc_shim_is_unstable_v2 + 100172
4   chromedriver                        0x000000010302006c _RNvCskE0kXQ3GIWk_7___rustc35___rust_no_alloc_shim_is_unstable_v2 + 109700
5   chromedriver                        0x000000010309f470 _RNvCskE0kXQ3GIWk_7___rustc35___rust_no_alloc_shim_is_unstable_v2 + 630920
6   chromedriver                        0x000000010309e4d4 _RNvCskE0kXQ3GIWk_7___rustc35___rust_no_alloc_shim_is_unstable_v2 + 626924
7   chromedriver                        0x00000001030551a0 _RNvCskE0kXQ3GIWk_7___rustc35___rust_no_alloc_shim_is_unstable_v2 + 327096
8   chromedriver                        0x000000010350a220 cxxbridge1$str$ptr + 2891948
9   chromedriver                        0x000000010350d910 cxxbridge1$str$ptr + 2906012
10  chromedriver                        0x00000001034ef5d8 cxxbridge1$str$ptr + 2782308
11  chromedriver                        0x000000010350e194 cxxbridge1$str$ptr + 2908192
12  chromedriver                        0x00000001034e0090 cxxbridge1$str$ptr + 2719516
13  chromedriver                        0x0000000103532b30 cxxbridge1$str$ptr + 3058108
14  chromedriver                        0x0000000103532cac cxxbridge1$str$ptr + 3058488
15  chromedriver                        0x0000000103543680 cxxbridge1$str$ptr + 3126540
16  libsystem_pthread.dylib             0x0000000189ac3c08 _pthread_start + 136
17  libsystem_pthread.dylib             0x0000000189abeba8 thread_start + 8

[2026-03-24T12:42:35.999304] Error processing business 4: Message: stale element reference: stale element not found in the current frame
  (Session info: chrome=146.0.7680.165); For documentation on this error, please visit: https://www.selenium.dev/documentation/webdriver/troubleshooting/errors#staleelementreferenceexception
Stacktrace:
0   chromedriver                        0x000000010354b99c cxxbridge1$str$ptr + 3160104
1   chromedriver                        0x0000000103543a28 cxxbridge1$str$ptr + 3127476
2   chromedriver                        0x0000000103017904 _RNvCskE0kXQ3GIWk_7___rustc35___rust_no_alloc_shim_is_unstable_v2 + 75036
3   chromedriver                        0x000000010301db34 _RNvCskE0kXQ3GIWk_7___rustc35___rust_no_alloc_shim_is_unstable_v2 + 100172
4   chromedriver                        0x000000010302006c _RNvCskE0kXQ3GIWk_7___rustc35___rust_no_alloc_shim_is_unstable_v2 + 109700
5   chromedriver                        0x000000010309f470 _RNvCskE0kXQ3GIWk_7___rustc35___rust_no_alloc_shim_is_unstable_v2 + 630920
6   chromedriver                        0x000000010309e4d4 _RNvCskE0kXQ3GIWk_7___rustc35___rust_no_alloc_shim_is_unstable_v2 + 626924
7   chromedriver                        0x00000001030551a0 _RNvCskE0kXQ3GIWk_7___rustc35___rust_no_alloc_shim_is_unstable_v2 + 327096
8   chromedriver                        0x000000010350a220 cxxbridge1$str$ptr + 2891948
9   chromedriver                        0x000000010350d910 cxxbridge1$str$ptr + 2906012
10  chromedriver                        0x00000001034ef5d8 cxxbridge1$str$ptr + 2782308
11  chromedriver                        0x000000010350e194 cxxbridge1$str$ptr + 2908192
12  chromedriver                        0x00000001034e0090 cxxbridge1$str$ptr + 2719516
13  chromedriver                        0x0000000103532b30 cxxbridge1$str$ptr + 3058108
14  chromedriver                        0x0000000103532cac cxxbridge1$str$ptr + 3058488
15  chromedriver                        0x0000000103543680 cxxbridge1$str$ptr + 3126540
16  libsystem_pthread.dylib             0x0000000189ac3c08 _pthread_start + 136
17  libsystem_pthread.dylib             0x0000000189abeba8 thread_start + 8

[2026-03-24T12:42:36.003755] Error processing business 5: Message: stale element reference: stale element not found in the current frame
  (Session info: chrome=146.0.7680.165); For documentation on this error, please visit: https://www.selenium.dev/documentation/webdriver/troubleshooting/errors#staleelementreferenceexception
Stacktrace:
0   chromedriver                        0x000000010354b99c cxxbridge1$str$ptr + 3160104
1   chromedriver                        0x0000000103543a28 cxxbridge1$str$ptr + 3127476
2   chromedriver                        0x0000000103017904 _RNvCskE0kXQ3GIWk_7___rustc35___rust_no_alloc_shim_is_unstable_v2 + 75036
3   chromedriver                        0x000000010301db34 _RNvCskE0kXQ3GIWk_7___rustc35___rust_no_alloc_shim_is_unstable_v2 + 100172
4   chromedriver                        0x000000010302006c _RNvCskE0kXQ3GIWk_7___rustc35___rust_no_alloc_shim_is_unstable_v2 + 109700
5   chromedriver                        0x000000010309f470 _RNvCskE0kXQ3GIWk_7___rustc35___rust_no_alloc_shim_is_unstable_v2 + 630920
6   chromedriver                        0x000000010309e4d4 _RNvCskE0kXQ3GIWk_7___rustc35___rust_no_alloc_shim_is_unstable_v2 + 626924
7   chromedriver                        0x00000001030551a0 _RNvCskE0kXQ3GIWk_7___rustc35___rust_no_alloc_shim_is_unstable_v2 + 327096
8   chromedriver                        0x000000010350a220 cxxbridge1$str$ptr + 2891948
9   chromedriver                        0x000000010350d910 cxxbridge1$str$ptr + 2906012
10  chromedriver                        0x00000001034ef5d8 cxxbridge1$str$ptr + 2782308
11  chromedriver                        0x000000010350e194 cxxbridge1$str$ptr + 2908192
12  chromedriver                        0x00000001034e0090 cxxbridge1$str$ptr + 2719516
13  chromedriver                        0x0000000103532b30 cxxbridge1$str$ptr + 3058108
14  chromedriver                        0x0000000103532cac cxxbridge1$str$ptr + 3058488
15  chromedriver                        0x0000000103543680 cxxbridge1$str$ptr + 3126540
16  libsystem_pthread.dylib             0x0000000189ac3c08 _pthread_start + 136
17  libsystem_pthread.dylib             0x0000000189abeba8 thread_start + 8

[2026-03-24T12:42:36.007257] Error processing business 6: Message: stale element reference: stale element not found in the current frame
  (Session info: chrome=146.0.7680.165); For documentation on this error, please visit: https://www.selenium.dev/documentation/webdriver/troubleshooting/errors#staleelementreferenceexception
Stacktrace:
0   chromedriver                        0x000000010354b99c cxxbridge1$str$ptr + 3160104
1   chromedriver                        0x0000000103543a28 cxxbridge1$str$ptr + 3127476
2   chromedriver                        0x0000000103017904 _RNvCskE0kXQ3GIWk_7___rustc35___rust_no_alloc_shim_is_unstable_v2 + 75036
3   chromedriver                        0x000000010301db34 _RNvCskE0kXQ3GIWk_7___rustc35___rust_no_alloc_shim_is_unstable_v2 + 100172
4   chromedriver                        0x000000010302006c _RNvCskE0kXQ3GIWk_7___rustc35___rust_no_alloc_shim_is_unstable_v2 + 109700
5   chromedriver                        0x000000010309f470 _RNvCskE0kXQ3GIWk_7___rustc35___rust_no_alloc_shim_is_unstable_v2 + 630920
6   chromedriver                        0x000000010309e4d4 _RNvCskE0kXQ3GIWk_7___rustc35___rust_no_alloc_shim_is_unstable_v2 + 626924
7   chromedriver                        0x00000001030551a0 _RNvCskE0kXQ3GIWk_7___rustc35___rust_no_alloc_shim_is_unstable_v2 + 327096
8   chromedriver                        0x000000010350a220 cxxbridge1$str$ptr + 2891948
9   chromedriver                        0x000000010350d910 cxxbridge1$str$ptr + 2906012
10  chromedriver                        0x00000001034ef5d8 cxxbridge1$str$ptr + 2782308
11  chromedriver                        0x000000010350e194 cxxbridge1$str$ptr + 2908192
12  chromedriver                        0x00000001034e0090 cxxbridge1$str$ptr + 2719516
13  chromedriver                        0x0000000103532b30 cxxbridge1$str$ptr + 3058108
14  chromedriver                        0x0000000103532cac cxxbridge1$str$ptr + 3058488
15  chromedriver                        0x0000000103543680 cxxbridge1$str$ptr + 3126540
16  libsystem_pthread.dylib             0x0000000189ac3c08 _pthread_start + 136
17  libsystem_pthread.dylib             0x0000000189abeba8 thread_start + 8

[2026-03-24T12:42:36.010996] Error processing business 7: Message: stale element reference: stale element not found in the current frame
  (Session info: chrome=146.0.7680.165); For documentation on this error, please visit: https://www.selenium.dev/documentation/webdriver/troubleshooting/errors#staleelementreferenceexception
Stacktrace:
0   chromedriver                        0x000000010354b99c cxxbridge1$str$ptr + 3160104
1   chromedriver                        0x0000000103543a28 cxxbridge1$str$ptr + 3127476
2   chromedriver                        0x0000000103017904 _RNvCskE0kXQ3GIWk_7___rustc35___rust_no_alloc_shim_is_unstable_v2 + 75036
3   chromedriver                        0x000000010301db34 _RNvCskE0kXQ3GIWk_7___rustc35___rust_no_alloc_shim_is_unstable_v2 + 100172
4   chromedriver                        0x000000010302006c _RNvCskE0kXQ3GIWk_7___rustc35___rust_no_alloc_shim_is_unstable_v2 + 109700
5   chromedriver                        0x000000010309f470 _RNvCskE0kXQ3GIWk_7___rustc35___rust_no_alloc_shim_is_unstable_v2 + 630920
6   chromedriver                        0x000000010309e4d4 _RNvCskE0kXQ3GIWk_7___rustc35___rust_no_alloc_shim_is_unstable_v2 + 626924
7   chromedriver                        0x00000001030551a0 _RNvCskE0kXQ3GIWk_7___rustc35___rust_no_alloc_shim_is_unstable_v2 + 327096
8   chromedriver                        0x000000010350a220 cxxbridge1$str$ptr + 2891948
9   chromedriver                        0x000000010350d910 cxxbridge1$str$ptr + 2906012
10  chromedriver                        0x00000001034ef5d8 cxxbridge1$str$ptr + 2782308
11  chromedriver                        0x000000010350e194 cxxbridge1$str$ptr + 2908192
12  chromedriver                        0x00000001034e0090 cxxbridge1$str$ptr + 2719516
13  chromedriver                        0x0000000103532b30 cxxbridge1$str$ptr + 3058108
14  chromedriver                        0x0000000103532cac cxxbridge1$str$ptr + 3058488
15  chromedriver                        0x0000000103543680 cxxbridge1$str$ptr + 3126540
16  libsystem_pthread.dylib             0x0000000189ac3c08 _pthread_start + 136
17  libsystem_pthread.dylib             0x0000000189abeba8 thread_start + 8

[2026-03-24T12:42:36.014504] Error processing business 8: Message: stale element reference: stale element not found in the current frame
  (Session info: chrome=146.0.7680.165); For documentation on this error, please visit: https://www.selenium.dev/documentation/webdriver/troubleshooting/errors#staleelementreferenceexception
Stacktrace:
0   chromedriver                        0x000000010354b99c cxxbridge1$str$ptr + 3160104
1   chromedriver                        0x0000000103543a28 cxxbridge1$str$ptr + 3127476
2   chromedriver                        0x0000000103017904 _RNvCskE0kXQ3GIWk_7___rustc35___rust_no_alloc_shim_is_unstable_v2 + 75036
3   chromedriver                        0x000000010301db34 _RNvCskE0kXQ3GIWk_7___rustc35___rust_no_alloc_shim_is_unstable_v2 + 100172
4   chromedriver                        0x000000010302006c _RNvCskE0kXQ3GIWk_7___rustc35___rust_no_alloc_shim_is_unstable_v2 + 109700
5   chromedriver                        0x000000010309f470 _RNvCskE0kXQ3GIWk_7___rustc35___rust_no_alloc_shim_is_unstable_v2 + 630920
6   chromedriver                        0x000000010309e4d4 _RNvCskE0kXQ3GIWk_7___rustc35___rust_no_alloc_shim_is_unstable_v2 + 626924
7   chromedriver                        0x00000001030551a0 _RNvCskE0kXQ3GIWk_7___rustc35___rust_no_alloc_shim_is_unstable_v2 + 327096
8   chromedriver                        0x000000010350a220 cxxbridge1$str$ptr + 2891948
9   chromedriver                        0x000000010350d910 cxxbridge1$str$ptr + 2906012
10  chromedriver                        0x00000001034ef5d8 cxxbridge1$str$ptr + 2782308
11  chromedriver                        0x000000010350e194 cxxbridge1$str$ptr + 2908192
12  chromedriver                        0x00000001034e0090 cxxbridge1$str$ptr + 2719516
13  chromedriver                        0x0000000103532b30 cxxbridge1$str$ptr + 3058108
14  chromedriver                        0x0000000103532cac cxxbridge1$str$ptr + 3058488
15  chromedriver                        0x0000000103543680 cxxbridge1$str$ptr + 3126540
16  libsystem_pthread.dylib             0x0000000189ac3c08 _pthread_start + 136
17  libsystem_pthread.dylib             0x0000000189abeba8 thread_start + 8

[2026-03-24T12:42:36.018142] Error processing business 9: Message: stale element reference: stale element not found in the current frame
  (Session info: chrome=146.0.7680.165); For documentation on this error, please visit: https://www.selenium.dev/documentation/webdriver/troubleshooting/errors#staleelementreferenceexception
Stacktrace:
0   chromedriver                        0x000000010354b99c cxxbridge1$str$ptr + 3160104
1   chromedriver                        0x0000000103543a28 cxxbridge1$str$ptr + 3127476
2   chromedriver                        0x0000000103017904 _RNvCskE0kXQ3GIWk_7___rustc35___rust_no_alloc_shim_is_unstable_v2 + 75036
3   chromedriver                        0x000000010301db34 _RNvCskE0kXQ3GIWk_7___rustc35___rust_no_alloc_shim_is_unstable_v2 + 100172
4   chromedriver                        0x000000010302006c _RNvCskE0kXQ3GIWk_7___rustc35___rust_no_alloc_shim_is_unstable_v2 + 109700
5   chromedriver                        0x000000010309f470 _RNvCskE0kXQ3GIWk_7___rustc35___rust_no_alloc_shim_is_unstable_v2 + 630920
6   chromedriver                        0x000000010309e4d4 _RNvCskE0kXQ3GIWk_7___rustc35___rust_no_alloc_shim_is_unstable_v2 + 626924
7   chromedriver                        0x00000001030551a0 _RNvCskE0kXQ3GIWk_7___rustc35___rust_no_alloc_shim_is_unstable_v2 + 327096
8   chromedriver                        0x000000010350a220 cxxbridge1$str$ptr + 2891948
9   chromedriver                        0x000000010350d910 cxxbridge1$str$ptr + 2906012
10  chromedriver                        0x00000001034ef5d8 cxxbridge1$str$ptr + 2782308
11  chromedriver                        0x000000010350e194 cxxbridge1$str$ptr + 2908192
12  chromedriver                        0x00000001034e0090 cxxbridge1$str$ptr + 2719516
13  chromedriver                        0x0000000103532b30 cxxbridge1$str$ptr + 3058108
14  chromedriver                        0x0000000103532cac cxxbridge1$str$ptr + 3058488
15  chromedriver                        0x0000000103543680 cxxbridge1$str$ptr + 3126540
16  libsystem_pthread.dylib             0x0000000189ac3c08 _pthread_start + 136
17  libsystem_pthread.dylib             0x0000000189abeba8 thread_start + 8

[2026-03-24T12:42:36.021328] Error processing business 10: Message: stale element reference: stale element not found in the current frame
  (Session info: chrome=146.0.7680.165); For documentation on this error, please visit: https://www.selenium.dev/documentation/webdriver/troubleshooting/errors#staleelementreferenceexception
Stacktrace:
0   chromedriver                        0x000000010354b99c cxxbridge1$str$ptr + 3160104
1   chromedriver                        0x0000000103543a28 cxxbridge1$str$ptr + 3127476
2   chromedriver                        0x0000000103017904 _RNvCskE0kXQ3GIWk_7___rustc35___rust_no_alloc_shim_is_unstable_v2 + 75036
3   chromedriver                        0x000000010301db34 _RNvCskE0kXQ3GIWk_7___rustc35___rust_no_alloc_shim_is_unstable_v2 + 100172
4   chromedriver                        0x000000010302006c _RNvCskE0kXQ3GIWk_7___rustc35___rust_no_alloc_shim_is_unstable_v2 + 109700
5   chromedriver                        0x000000010309f470 _RNvCskE0kXQ3GIWk_7___rustc35___rust_no_alloc_shim_is_unstable_v2 + 630920
6   chromedriver                        0x000000010309e4d4 _RNvCskE0kXQ3GIWk_7___rustc35___rust_no_alloc_shim_is_unstable_v2 + 626924
7   chromedriver                        0x00000001030551a0 _RNvCskE0kXQ3GIWk_7___rustc35___rust_no_alloc_shim_is_unstable_v2 + 327096
8   chromedriver                        0x000000010350a220 cxxbridge1$str$ptr + 2891948
9   chromedriver                        0x000000010350d910 cxxbridge1$str$ptr + 2906012
10  chromedriver                        0x00000001034ef5d8 cxxbridge1$str$ptr + 2782308
11  chromedriver                        0x000000010350e194 cxxbridge1$str$ptr + 2908192
12  chromedriver                        0x00000001034e0090 cxxbridge1$str$ptr + 2719516
13  chromedriver                        0x0000000103532b30 cxxbridge1$str$ptr + 3058108
14  chromedriver                        0x0000000103532cac cxxbridge1$str$ptr + 3058488
15  chromedriver                        0x0000000103543680 cxxbridge1$str$ptr + 3126540
16  libsystem_pthread.dylib             0x0000000189ac3c08 _pthread_start + 136
17  libsystem_pthread.dylib             0x0000000189abeba8 thread_start + 8

[2026-03-24T12:42:36.024403] Error processing business 11: Message: stale element reference: stale element not found in the current frame
  (Session info: chrome=146.0.7680.165); For documentation on this error, please visit: https://www.selenium.dev/documentation/webdriver/troubleshooting/errors#staleelementreferenceexception
Stacktrace:
0   chromedriver                        0x000000010354b99c cxxbridge1$str$ptr + 3160104
1   chromedriver                        0x0000000103543a28 cxxbridge1$str$ptr + 3127476
2   chromedriver                        0x0000000103017904 _RNvCskE0kXQ3GIWk_7___rustc35___rust_no_alloc_shim_is_unstable_v2 + 75036
3   chromedriver                        0x000000010301db34 _RNvCskE0kXQ3GIWk_7___rustc35___rust_no_alloc_shim_is_unstable_v2 + 100172
4   chromedriver                        0x000000010302006c _RNvCskE0kXQ3GIWk_7___rustc35___rust_no_alloc_shim_is_unstable_v2 + 109700
5   chromedriver                        0x000000010309f470 _RNvCskE0kXQ3GIWk_7___rustc35___rust_no_alloc_shim_is_unstable_v2 + 630920
6   chromedriver                        0x000000010309e4d4 _RNvCskE0kXQ3GIWk_7___rustc35___rust_no_alloc_shim_is_unstable_v2 + 626924
7   chromedriver                        0x00000001030551a0 _RNvCskE0kXQ3GIWk_7___rustc35___rust_no_alloc_shim_is_unstable_v2 + 327096
8   chromedriver                        0x000000010350a220 cxxbridge1$str$ptr + 2891948
9   chromedriver                        0x000000010350d910 cxxbridge1$str$ptr + 2906012
10  chromedriver                        0x00000001034ef5d8 cxxbridge1$str$ptr + 2782308
11  chromedriver                        0x000000010350e194 cxxbridge1$str$ptr + 2908192
12  chromedriver                        0x00000001034e0090 cxxbridge1$str$ptr + 2719516
13  chromedriver                        0x0000000103532b30 cxxbridge1$str$ptr + 3058108
14  chromedriver                        0x0000000103532cac cxxbridge1$str$ptr + 3058488
15  chromedriver                        0x0000000103543680 cxxbridge1$str$ptr + 3126540
16  libsystem_pthread.dylib             0x0000000189ac3c08 _pthread_start + 136
17  libsystem_pthread.dylib             0x0000000189abeba8 thread_start + 8

[2026-03-24T12:42:36.027289] Error processing business 12: Message: stale element reference: stale element not found in the current frame
  (Session info: chrome=146.0.7680.165); For documentation on this error, please visit: https://www.selenium.dev/documentation/webdriver/troubleshooting/errors#staleelementreferenceexception
Stacktrace:
0   chromedriver                        0x000000010354b99c cxxbridge1$str$ptr + 3160104
1   chromedriver                        0x0000000103543a28 cxxbridge1$str$ptr + 3127476
2   chromedriver                        0x0000000103017904 _RNvCskE0kXQ3GIWk_7___rustc35___rust_no_alloc_shim_is_unstable_v2 + 75036
3   chromedriver                        0x000000010301db34 _RNvCskE0kXQ3GIWk_7___rustc35___rust_no_alloc_shim_is_unstable_v2 + 100172
4   chromedriver                        0x000000010302006c _RNvCskE0kXQ3GIWk_7___rustc35___rust_no_alloc_shim_is_unstable_v2 + 109700
5   chromedriver                        0x000000010309f470 _RNvCskE0kXQ3GIWk_7___rustc35___rust_no_alloc_shim_is_unstable_v2 + 630920
6   chromedriver                        0x000000010309e4d4 _RNvCskE0kXQ3GIWk_7___rustc35___rust_no_alloc_shim_is_unstable_v2 + 626924
7   chromedriver                        0x00000001030551a0 _RNvCskE0kXQ3GIWk_7___rustc35___rust_no_alloc_shim_is_unstable_v2 + 327096
8   chromedriver                        0x000000010350a220 cxxbridge1$str$ptr + 2891948
9   chromedriver                        0x000000010350d910 cxxbridge1$str$ptr + 2906012
10  chromedriver                        0x00000001034ef5d8 cxxbridge1$str$ptr + 2782308
11  chromedriver                        0x000000010350e194 cxxbridge1$str$ptr + 2908192
12  chromedriver                        0x00000001034e0090 cxxbridge1$str$ptr + 2719516
13  chromedriver                        0x0000000103532b30 cxxbridge1$str$ptr + 3058108
14  chromedriver                        0x0000000103532cac cxxbridge1$str$ptr + 3058488
15  chromedriver                        0x0000000103543680 cxxbridge1$str$ptr + 3126540
16  libsystem_pthread.dylib             0x0000000189ac3c08 _pthread_start + 136
17  libsystem_pthread.dylib             0x0000000189abeba8 thread_start + 8

[2026-03-24T12:42:36.030123] Error processing business 13: Message: stale element reference: stale element not found in the current frame
  (Session info: chrome=146.0.7680.165); For documentation on this error, please visit: https://www.selenium.dev/documentation/webdriver/troubleshooting/errors#staleelementreferenceexception
Stacktrace:
0   chromedriver                        0x000000010354b99c cxxbridge1$str$ptr + 3160104
1   chromedriver                        0x0000000103543a28 cxxbridge1$str$ptr + 3127476
2   chromedriver                        0x0000000103017904 _RNvCskE0kXQ3GIWk_7___rustc35___rust_no_alloc_shim_is_unstable_v2 + 75036
3   chromedriver                        0x000000010301db34 _RNvCskE0kXQ3GIWk_7___rustc35___rust_no_alloc_shim_is_unstable_v2 + 100172
4   chromedriver                        0x000000010302006c _RNvCskE0kXQ3GIWk_7___rustc35___rust_no_alloc_shim_is_unstable_v2 + 109700
5   chromedriver                        0x000000010309f470 _RNvCskE0kXQ3GIWk_7___rustc35___rust_no_alloc_shim_is_unstable_v2 + 630920
6   chromedriver                        0x000000010309e4d4 _RNvCskE0kXQ3GIWk_7___rustc35___rust_no_alloc_shim_is_unstable_v2 + 626924
7   chromedriver                        0x00000001030551a0 _RNvCskE0kXQ3GIWk_7___rustc35___rust_no_alloc_shim_is_unstable_v2 + 327096
8   chromedriver                        0x000000010350a220 cxxbridge1$str$ptr + 2891948
9   chromedriver                        0x000000010350d910 cxxbridge1$str$ptr + 2906012
10  chromedriver                        0x00000001034ef5d8 cxxbridge1$str$ptr + 2782308
11  chromedriver                        0x000000010350e194 cxxbridge1$str$ptr + 2908192
12  chromedriver                        0x00000001034e0090 cxxbridge1$str$ptr + 2719516
13  chromedriver                        0x0000000103532b30 cxxbridge1$str$ptr + 3058108
14  chromedriver                        0x0000000103532cac cxxbridge1$str$ptr + 3058488
15  chromedriver                        0x0000000103543680 cxxbridge1$str$ptr + 3126540
16  libsystem_pthread.dylib             0x0000000189ac3c08 _pthread_start + 136
17  libsystem_pthread.dylib             0x0000000189abeba8 thread_start + 8

[2026-03-24T12:42:36.032885] Error processing business 14: Message: stale element reference: stale element not found in the current frame
  (Session info: chrome=146.0.7680.165); For documentation on this error, please visit: https://www.selenium.dev/documentation/webdriver/troubleshooting/errors#staleelementreferenceexception
Stacktrace:
0   chromedriver                        0x000000010354b99c cxxbridge1$str$ptr + 3160104
1   chromedriver                        0x0000000103543a28 cxxbridge1$str$ptr + 3127476
2   chromedriver                        0x0000000103017904 _RNvCskE0kXQ3GIWk_7___rustc35___rust_no_alloc_shim_is_unstable_v2 + 75036
3   chromedriver                        0x000000010301db34 _RNvCskE0kXQ3GIWk_7___rustc35___rust_no_alloc_shim_is_unstable_v2 + 100172
4   chromedriver                        0x000000010302006c _RNvCskE0kXQ3GIWk_7___rustc35___rust_no_alloc_shim_is_unstable_v2 + 109700
5   chromedriver                        0x000000010309f470 _RNvCskE0kXQ3GIWk_7___rustc35___rust_no_alloc_shim_is_unstable_v2 + 630920
6   chromedriver                        0x000000010309e4d4 _RNvCskE0kXQ3GIWk_7___rustc35___rust_no_alloc_shim_is_unstable_v2 + 626924
7   chromedriver                        0x00000001030551a0 _RNvCskE0kXQ3GIWk_7___rustc35___rust_no_alloc_shim_is_unstable_v2 + 327096
8   chromedriver                        0x000000010350a220 cxxbridge1$str$ptr + 2891948
9   chromedriver                        0x000000010350d910 cxxbridge1$str$ptr + 2906012
10  chromedriver                        0x00000001034ef5d8 cxxbridge1$str$ptr + 2782308
11  chromedriver                        0x000000010350e194 cxxbridge1$str$ptr + 2908192
12  chromedriver                        0x00000001034e0090 cxxbridge1$str$ptr + 2719516
13  chromedriver                        0x0000000103532b30 cxxbridge1$str$ptr + 3058108
14  chromedriver                        0x0000000103532cac cxxbridge1$str$ptr + 3058488
15  chromedriver                        0x0000000103543680 cxxbridge1$str$ptr + 3126540
16  libsystem_pthread.dylib             0x0000000189ac3c08 _pthread_start + 136
17  libsystem_pthread.dylib             0x0000000189abeba8 thread_start + 8

[2026-03-24T12:42:36.034108] ⏳ Waiting 11.3s before next search...
[2026-03-24T12:42:47.502329] Searching: apartment management in Fuquay Varina, NC
[2026-03-24T12:43:07.722509] Found 26 business listings
[2026-03-24T12:43:10.931045] ✓ Extracted: Encore Properties (info@www.encore-pm.com)
[2026-03-24T12:43:12.389842] Error processing business 1: Message: stale element reference: stale element not found in the current frame
  (Session info: chrome=146.0.7680.165); For documentation on this error, please visit: https://www.selenium.dev/documentation/webdriver/troubleshooting/errors#staleelementreferenceexception
Stacktrace:
0   chromedriver                        0x000000010354b99c cxxbridge1$str$ptr + 3160104
1   chromedriver                        0x0000000103543a28 cxxbridge1$str$ptr + 3127476
2   chromedriver                        0x0000000103017904 _RNvCskE0kXQ3GIWk_7___rustc35___rust_no_alloc_shim_is_unstable_v2 + 75036
3   chromedriver                        0x000000010301db34 _RNvCskE0kXQ3GIWk_7___rustc35___rust_no_alloc_shim_is_unstable_v2 + 100172
4   chromedriver                        0x000000010302006c _RNvCskE0kXQ3GIWk_7___rustc35___rust_no_alloc_shim_is_unstable_v2 + 109700
5   chromedriver                        0x000000010309f470 _RNvCskE0kXQ3GIWk_7___rustc35___rust_no_alloc_shim_is_unstable_v2 + 630920
6   chromedriver                        0x000000010309e4d4 _RNvCskE0kXQ3GIWk_7___rustc35___rust_no_alloc_shim_is_unstable_v2 + 626924
7   chromedriver                        0x00000001030551a0 _RNvCskE0kXQ3GIWk_7___rustc35___rust_no_alloc_shim_is_unstable_v2 + 327096
8   chromedriver                        0x000000010350a220 cxxbridge1$str$ptr + 2891948
9   chromedriver                        0x000000010350d910 cxxbridge1$str$ptr + 2906012
10  chromedriver                        0x00000001034ef5d8 cxxbridge1$str$ptr + 2782308
11  chromedriver                        0x000000010350e194 cxxbridge1$str$ptr + 2908192
12  chromedriver                        0x00000001034e0090 cxxbridge1$str$ptr + 2719516
13  chromedriver                        0x0000000103532b30 cxxbridge1$str$ptr + 3058108
14  chromedriver                        0x0000000103532cac cxxbridge1$str$ptr + 3058488
15  chromedriver                        0x0000000103543680 cxxbridge1$str$ptr + 3126540
16  libsystem_pthread.dylib             0x0000000189ac3c08 _pthread_start + 136
17  libsystem_pthread.dylib             0x0000000189abeba8 thread_start + 8

[2026-03-24T12:43:12.397617] Error processing business 2: Message: stale element reference: stale element not found in the current frame
  (Session info: chrome=146.0.7680.165); For documentation on this error, please visit: https://www.selenium.dev/documentation/webdriver/troubleshooting/errors#staleelementreferenceexception
Stacktrace:
0   chromedriver                        0x000000010354b99c cxxbridge1$str$ptr + 3160104
1   chromedriver                        0x0000000103543a28 cxxbridge1$str$ptr + 3127476
2   chromedriver                        0x0000000103017904 _RNvCskE0kXQ3GIWk_7___rustc35___rust_no_alloc_shim_is_unstable_v2 + 75036
3   chromedriver                        0x000000010301db34 _RNvCskE0kXQ3GIWk_7___rustc35___rust_no_alloc_shim_is_unstable_v2 + 100172
4   chromedriver                        0x000000010302006c _RNvCskE0kXQ3GIWk_7___rustc35___rust_no_alloc_shim_is_unstable_v2 + 109700
5   chromedriver                        0x000000010309f470 _RNvCskE0kXQ3GIWk_7___rustc35___rust_no_alloc_shim_is_unstable_v2 + 630920
6   chromedriver                        0x000000010309e4d4 _RNvCskE0kXQ3GIWk_7___rustc35___rust_no_alloc_shim_is_unstable_v2 + 626924
7   chromedriver                        0x00000001030551a0 _RNvCskE0kXQ3GIWk_7___rustc35___rust_no_alloc_shim_is_unstable_v2 + 327096
8   chromedriver                        0x000000010350a220 cxxbridge1$str$ptr + 2891948
9   chromedriver                        0x000000010350d910 cxxbridge1$str$ptr + 2906012
10  chromedriver                        0x00000001034ef5d8 cxxbridge1$str$ptr + 2782308
11  chromedriver                        0x000000010350e194 cxxbridge1$str$ptr + 2908192
12  chromedriver                        0x00000001034e0090 cxxbridge1$str$ptr + 2719516
13  chromedriver                        0x0000000103532b30 cxxbridge1$str$ptr + 3058108
14  chromedriver                        0x0000000103532cac cxxbridge1$str$ptr + 3058488
15  chromedriver                        0x0000000103543680 cxxbridge1$str$ptr + 3126540
16  libsystem_pthread.dylib             0x0000000189ac3c08 _pthread_start + 136
17  libsystem_pthread.dylib             0x0000000189abeba8 thread_start + 8

[2026-03-24T12:43:12.403898] Error processing business 3: Message: stale element reference: stale element not found in the current frame
  (Session info: chrome=146.0.7680.165); For documentation on this error, please visit: https://www.selenium.dev/documentation/webdriver/troubleshooting/errors#staleelementreferenceexception
Stacktrace:
0   chromedriver                        0x000000010354b99c cxxbridge1$str$ptr + 3160104
1   chromedriver                        0x0000000103543a28 cxxbridge1$str$ptr + 3127476
2   chromedriver                        0x0000000103017904 _RNvCskE0kXQ3GIWk_7___rustc35___rust_no_alloc_shim_is_unstable_v2 + 75036
3   chromedriver                        0x000000010301db34 _RNvCskE0kXQ3GIWk_7___rustc35___rust_no_alloc_shim_is_unstable_v2 + 100172
4   chromedriver                        0x000000010302006c _RNvCskE0kXQ3GIWk_7___rustc35___rust_no_alloc_shim_is_unstable_v2 + 109700
5   chromedriver                        0x000000010309f470 _RNvCskE0kXQ3GIWk_7___rustc35___rust_no_alloc_shim_is_unstable_v2 + 630920
6   chromedriver                        0x000000010309e4d4 _RNvCskE0kXQ3GIWk_7___rustc35___rust_no_alloc_shim_is_unstable_v2 + 626924
7   chromedriver                        0x00000001030551a0 _RNvCskE0kXQ3GIWk_7___rustc35___rust_no_alloc_shim_is_unstable_v2 + 327096
8   chromedriver                        0x000000010350a220 cxxbridge1$str$ptr + 2891948
9   chromedriver                        0x000000010350d910 cxxbridge1$str$ptr + 2906012
10  chromedriver                        0x00000001034ef5d8 cxxbridge1$str$ptr + 2782308
11  chromedriver                        0x000000010350e194 cxxbridge1$str$ptr + 2908192
12  chromedriver                        0x00000001034e0090 cxxbridge1$str$ptr + 2719516
13  chromedriver                        0x0000000103532b30 cxxbridge1$str$ptr + 3058108
14  chromedriver                        0x0000000103532cac cxxbridge1$str$ptr + 3058488
15  chromedriver                        0x0000000103543680 cxxbridge1$str$ptr + 3126540
16  libsystem_pthread.dylib             0x0000000189ac3c08 _pthread_start + 136
17  libsystem_pthread.dylib             0x0000000189abeba8 thread_start + 8

[2026-03-24T12:43:12.409687] Error processing business 4: Message: stale element reference: stale element not found in the current frame
  (Session info: chrome=146.0.7680.165); For documentation on this error, please visit: https://www.selenium.dev/documentation/webdriver/troubleshooting/errors#staleelementreferenceexception
Stacktrace:
0   chromedriver                        0x000000010354b99c cxxbridge1$str$ptr + 3160104
1   chromedriver                        0x0000000103543a28 cxxbridge1$str$ptr + 3127476
2   chromedriver                        0x0000000103017904 _RNvCskE0kXQ3GIWk_7___rustc35___rust_no_alloc_shim_is_unstable_v2 + 75036
3   chromedriver                        0x000000010301db34 _RNvCskE0kXQ3GIWk_7___rustc35___rust_no_alloc_shim_is_unstable_v2 + 100172
4   chromedriver                        0x000000010302006c _RNvCskE0kXQ3GIWk_7___rustc35___rust_no_alloc_shim_is_unstable_v2 + 109700
5   chromedriver                        0x000000010309f470 _RNvCskE0kXQ3GIWk_7___rustc35___rust_no_alloc_shim_is_unstable_v2 + 630920
6   chromedriver                        0x000000010309e4d4 _RNvCskE0kXQ3GIWk_7___rustc35___rust_no_alloc_shim_is_unstable_v2 + 626924
7   chromedriver                        0x00000001030551a0 _RNvCskE0kXQ3GIWk_7___rustc35___rust_no_alloc_shim_is_unstable_v2 + 327096
8   chromedriver                        0x000000010350a220 cxxbridge1$str$ptr + 2891948
9   chromedriver                        0x000000010350d910 cxxbridge1$str$ptr + 2906012
10  chromedriver                        0x00000001034ef5d8 cxxbridge1$str$ptr + 2782308
11  chromedriver                        0x000000010350e194 cxxbridge1$str$ptr + 2908192
12  chromedriver                        0x00000001034e0090 cxxbridge1$str$ptr + 2719516
13  chromedriver                        0x0000000103532b30 cxxbridge1$str$ptr + 3058108
14  chromedriver                        0x0000000103532cac cxxbridge1$str$ptr + 3058488
15  chromedriver                        0x0000000103543680 cxxbridge1$str$ptr + 3126540
16  libsystem_pthread.dylib             0x0000000189ac3c08 _pthread_start + 136
17  libsystem_pthread.dylib             0x0000000189abeba8 thread_start + 8

[2026-03-24T12:43:12.413791] Error processing business 5: Message: stale element reference: stale element not found in the current frame
  (Session info: chrome=146.0.7680.165); For documentation on this error, please visit: https://www.selenium.dev/documentation/webdriver/troubleshooting/errors#staleelementreferenceexception
Stacktrace:
0   chromedriver                        0x000000010354b99c cxxbridge1$str$ptr + 3160104
1   chromedriver                        0x0000000103543a28 cxxbridge1$str$ptr + 3127476
2   chromedriver                        0x0000000103017904 _RNvCskE0kXQ3GIWk_7___rustc35___rust_no_alloc_shim_is_unstable_v2 + 75036
3   chromedriver                        0x000000010301db34 _RNvCskE0kXQ3GIWk_7___rustc35___rust_no_alloc_shim_is_unstable_v2 + 100172
4   chromedriver                        0x000000010302006c _RNvCskE0kXQ3GIWk_7___rustc35___rust_no_alloc_shim_is_unstable_v2 + 109700
5   chromedriver                        0x000000010309f470 _RNvCskE0kXQ3GIWk_7___rustc35___rust_no_alloc_shim_is_unstable_v2 + 630920
6   chromedriver                        0x000000010309e4d4 _RNvCskE0kXQ3GIWk_7___rustc35___rust_no_alloc_shim_is_unstable_v2 + 626924
7   chromedriver                        0x00000001030551a0 _RNvCskE0kXQ3GIWk_7___rustc35___rust_no_alloc_shim_is_unstable_v2 + 327096
8   chromedriver                        0x000000010350a220 cxxbridge1$str$ptr + 2891948
9   chromedriver                        0x000000010350d910 cxxbridge1$str$ptr + 2906012
10  chromedriver                        0x00000001034ef5d8 cxxbridge1$str$ptr + 2782308
11  chromedriver                        0x000000010350e194 cxxbridge1$str$ptr + 2908192
12  chromedriver                        0x00000001034e0090 cxxbridge1$str$ptr + 2719516
13  chromedriver                        0x0000000103532b30 cxxbridge1$str$ptr + 3058108
14  chromedriver                        0x0000000103532cac cxxbridge1$str$ptr + 3058488
15  chromedriver                        0x0000000103543680 cxxbridge1$str$ptr + 3126540
16  libsystem_pthread.dylib             0x0000000189ac3c08 _pthread_start + 136
17  libsystem_pthread.dylib             0x0000000189abeba8 thread_start + 8

[2026-03-24T12:43:12.418130] Error processing business 6: Message: stale element reference: stale element not found in the current frame
  (Session info: chrome=146.0.7680.165); For documentation on this error, please visit: https://www.selenium.dev/documentation/webdriver/troubleshooting/errors#staleelementreferenceexception
Stacktrace:
0   chromedriver                        0x000000010354b99c cxxbridge1$str$ptr + 3160104
1   chromedriver                        0x0000000103543a28 cxxbridge1$str$ptr + 3127476
2   chromedriver                        0x0000000103017904 _RNvCskE0kXQ3GIWk_7___rustc35___rust_no_alloc_shim_is_unstable_v2 + 75036
3   chromedriver                        0x000000010301db34 _RNvCskE0kXQ3GIWk_7___rustc35___rust_no_alloc_shim_is_unstable_v2 + 100172
4   chromedriver                        0x000000010302006c _RNvCskE0kXQ3GIWk_7___rustc35___rust_no_alloc_shim_is_unstable_v2 + 109700
5   chromedriver                        0x000000010309f470 _RNvCskE0kXQ3GIWk_7___rustc35___rust_no_alloc_shim_is_unstable_v2 + 630920
6   chromedriver                        0x000000010309e4d4 _RNvCskE0kXQ3GIWk_7___rustc35___rust_no_alloc_shim_is_unstable_v2 + 626924
7   chromedriver                        0x00000001030551a0 _RNvCskE0kXQ3GIWk_7___rustc35___rust_no_alloc_shim_is_unstable_v2 + 327096
8   chromedriver                        0x000000010350a220 cxxbridge1$str$ptr + 2891948
9   chromedriver                        0x000000010350d910 cxxbridge1$str$ptr + 2906012
10  chromedriver                        0x00000001034ef5d8 cxxbridge1$str$ptr + 2782308
11  chromedriver                        0x000000010350e194 cxxbridge1$str$ptr + 2908192
12  chromedriver                        0x00000001034e0090 cxxbridge1$str$ptr + 2719516
13  chromedriver                        0x0000000103532b30 cxxbridge1$str$ptr + 3058108
14  chromedriver                        0x0000000103532cac cxxbridge1$str$ptr + 3058488
15  chromedriver                        0x0000000103543680 cxxbridge1$str$ptr + 3126540
16  libsystem_pthread.dylib             0x0000000189ac3c08 _pthread_start + 136
17  libsystem_pthread.dylib             0x0000000189abeba8 thread_start + 8

[2026-03-24T12:43:12.421736] Error processing business 7: Message: stale element reference: stale element not found in the current frame
  (Session info: chrome=146.0.7680.165); For documentation on this error, please visit: https://www.selenium.dev/documentation/webdriver/troubleshooting/errors#staleelementreferenceexception
Stacktrace:
0   chromedriver                        0x000000010354b99c cxxbridge1$str$ptr + 3160104
1   chromedriver                        0x0000000103543a28 cxxbridge1$str$ptr + 3127476
2   chromedriver                        0x0000000103017904 _RNvCskE0kXQ3GIWk_7___rustc35___rust_no_alloc_shim_is_unstable_v2 + 75036
3   chromedriver                        0x000000010301db34 _RNvCskE0kXQ3GIWk_7___rustc35___rust_no_alloc_shim_is_unstable_v2 + 100172
4   chromedriver                        0x000000010302006c _RNvCskE0kXQ3GIWk_7___rustc35___rust_no_alloc_shim_is_unstable_v2 + 109700
5   chromedriver                        0x000000010309f470 _RNvCskE0kXQ3GIWk_7___rustc35___rust_no_alloc_shim_is_unstable_v2 + 630920
6   chromedriver                        0x000000010309e4d4 _RNvCskE0kXQ3GIWk_7___rustc35___rust_no_alloc_shim_is_unstable_v2 + 626924
7   chromedriver                        0x00000001030551a0 _RNvCskE0kXQ3GIWk_7___rustc35___rust_no_alloc_shim_is_unstable_v2 + 327096
8   chromedriver                        0x000000010350a220 cxxbridge1$str$ptr + 2891948
9   chromedriver                        0x000000010350d910 cxxbridge1$str$ptr + 2906012
10  chromedriver                        0x00000001034ef5d8 cxxbridge1$str$ptr + 2782308
11  chromedriver                        0x000000010350e194 cxxbridge1$str$ptr + 2908192
12  chromedriver                        0x00000001034e0090 cxxbridge1$str$ptr + 2719516
13  chromedriver                        0x0000000103532b30 cxxbridge1$str$ptr + 3058108
14  chromedriver                        0x0000000103532cac cxxbridge1$str$ptr + 3058488
15  chromedriver                        0x0000000103543680 cxxbridge1$str$ptr + 3126540
16  libsystem_pthread.dylib             0x0000000189ac3c08 _pthread_start + 136
17  libsystem_pthread.dylib             0x0000000189abeba8 thread_start + 8

[2026-03-24T12:43:12.425701] Error processing business 8: Message: stale element reference: stale element not found in the current frame
  (Session info: chrome=146.0.7680.165); For documentation on this error, please visit: https://www.selenium.dev/documentation/webdriver/troubleshooting/errors#staleelementreferenceexception
Stacktrace:
0   chromedriver                        0x000000010354b99c cxxbridge1$str$ptr + 3160104
1   chromedriver                        0x0000000103543a28 cxxbridge1$str$ptr + 3127476
2   chromedriver                        0x0000000103017904 _RNvCskE0kXQ3GIWk_7___rustc35___rust_no_alloc_shim_is_unstable_v2 + 75036
3   chromedriver                        0x000000010301db34 _RNvCskE0kXQ3GIWk_7___rustc35___rust_no_alloc_shim_is_unstable_v2 + 100172
4   chromedriver                        0x000000010302006c _RNvCskE0kXQ3GIWk_7___rustc35___rust_no_alloc_shim_is_unstable_v2 + 109700
5   chromedriver                        0x000000010309f470 _RNvCskE0kXQ3GIWk_7___rustc35___rust_no_alloc_shim_is_unstable_v2 + 630920
6   chromedriver                        0x000000010309e4d4 _RNvCskE0kXQ3GIWk_7___rustc35___rust_no_alloc_shim_is_unstable_v2 + 626924
7   chromedriver                        0x00000001030551a0 _RNvCskE0kXQ3GIWk_7___rustc35___rust_no_alloc_shim_is_unstable_v2 + 327096
8   chromedriver                        0x000000010350a220 cxxbridge1$str$ptr + 2891948
9   chromedriver                        0x000000010350d910 cxxbridge1$str$ptr + 2906012
10  chromedriver                        0x00000001034ef5d8 cxxbridge1$str$ptr + 2782308
11  chromedriver                        0x000000010350e194 cxxbridge1$str$ptr + 2908192
12  chromedriver                        0x00000001034e0090 cxxbridge1$str$ptr + 2719516
13  chromedriver                        0x0000000103532b30 cxxbridge1$str$ptr + 3058108
14  chromedriver                        0x0000000103532cac cxxbridge1$str$ptr + 3058488
15  chromedriver                        0x0000000103543680 cxxbridge1$str$ptr + 3126540
16  libsystem_pthread.dylib             0x0000000189ac3c08 _pthread_start + 136
17  libsystem_pthread.dylib             0x0000000189abeba8 thread_start + 8

[2026-03-24T12:43:12.429043] Error processing business 9: Message: stale element reference: stale element not found in the current frame
  (Session info: chrome=146.0.7680.165); For documentation on this error, please visit: https://www.selenium.dev/documentation/webdriver/troubleshooting/errors#staleelementreferenceexception
Stacktrace:
0   chromedriver                        0x000000010354b99c cxxbridge1$str$ptr + 3160104
1   chromedriver                        0x0000000103543a28 cxxbridge1$str$ptr + 3127476
2   chromedriver                        0x0000000103017904 _RNvCskE0kXQ3GIWk_7___rustc35___rust_no_alloc_shim_is_unstable_v2 + 75036
3   chromedriver                        0x000000010301db34 _RNvCskE0kXQ3GIWk_7___rustc35___rust_no_alloc_shim_is_unstable_v2 + 100172
4   chromedriver                        0x000000010302006c _RNvCskE0kXQ3GIWk_7___rustc35___rust_no_alloc_shim_is_unstable_v2 + 109700
5   chromedriver                        0x000000010309f470 _RNvCskE0kXQ3GIWk_7___rustc35___rust_no_alloc_shim_is_unstable_v2 + 630920
6   chromedriver                        0x000000010309e4d4 _RNvCskE0kXQ3GIWk_7___rustc35___rust_no_alloc_shim_is_unstable_v2 + 626924
7   chromedriver                        0x00000001030551a0 _RNvCskE0kXQ3GIWk_7___rustc35___rust_no_alloc_shim_is_unstable_v2 + 327096
8   chromedriver                        0x000000010350a220 cxxbridge1$str$ptr + 2891948
9   chromedriver                        0x000000010350d910 cxxbridge1$str$ptr + 2906012
10  chromedriver                        0x00000001034ef5d8 cxxbridge1$str$ptr + 2782308
11  chromedriver                        0x000000010350e194 cxxbridge1$str$ptr + 2908192
12  chromedriver                        0x00000001034e0090 cxxbridge1$str$ptr + 2719516
13  chromedriver                        0x0000000103532b30 cxxbridge1$str$ptr + 3058108
14  chromedriver                        0x0000000103532cac cxxbridge1$str$ptr + 3058488
15  chromedriver                        0x0000000103543680 cxxbridge1$str$ptr + 3126540
16  libsystem_pthread.dylib             0x0000000189ac3c08 _pthread_start + 136
17  libsystem_pthread.dylib             0x0000000189abeba8 thread_start + 8

[2026-03-24T12:43:12.432337] Error processing business 10: Message: stale element reference: stale element not found in the current frame
  (Session info: chrome=146.0.7680.165); For documentation on this error, please visit: https://www.selenium.dev/documentation/webdriver/troubleshooting/errors#staleelementreferenceexception
Stacktrace:
0   chromedriver                        0x000000010354b99c cxxbridge1$str$ptr + 3160104
1   chromedriver                        0x0000000103543a28 cxxbridge1$str$ptr + 3127476
2   chromedriver                        0x0000000103017904 _RNvCskE0kXQ3GIWk_7___rustc35___rust_no_alloc_shim_is_unstable_v2 + 75036
3   chromedriver                        0x000000010301db34 _RNvCskE0kXQ3GIWk_7___rustc35___rust_no_alloc_shim_is_unstable_v2 + 100172
4   chromedriver                        0x000000010302006c _RNvCskE0kXQ3GIWk_7___rustc35___rust_no_alloc_shim_is_unstable_v2 + 109700
5   chromedriver                        0x000000010309f470 _RNvCskE0kXQ3GIWk_7___rustc35___rust_no_alloc_shim_is_unstable_v2 + 630920
6   chromedriver                        0x000000010309e4d4 _RNvCskE0kXQ3GIWk_7___rustc35___rust_no_alloc_shim_is_unstable_v2 + 626924
7   chromedriver                        0x00000001030551a0 _RNvCskE0kXQ3GIWk_7___rustc35___rust_no_alloc_shim_is_unstable_v2 + 327096
8   chromedriver                        0x000000010350a220 cxxbridge1$str$ptr + 2891948
9   chromedriver                        0x000000010350d910 cxxbridge1$str$ptr + 2906012
10  chromedriver                        0x00000001034ef5d8 cxxbridge1$str$ptr + 2782308
11  chromedriver                        0x000000010350e194 cxxbridge1$str$ptr + 2908192
12  chromedriver                        0x00000001034e0090 cxxbridge1$str$ptr + 2719516
13  chromedriver                        0x0000000103532b30 cxxbridge1$str$ptr + 3058108
14  chromedriver                        0x0000000103532cac cxxbridge1$str$ptr + 3058488
15  chromedriver                        0x0000000103543680 cxxbridge1$str$ptr + 3126540
16  libsystem_pthread.dylib             0x0000000189ac3c08 _pthread_start + 136
17  libsystem_pthread.dylib             0x0000000189abeba8 thread_start + 8

[2026-03-24T12:43:12.435474] Error processing business 11: Message: stale element reference: stale element not found in the current frame
  (Session info: chrome=146.0.7680.165); For documentation on this error, please visit: https://www.selenium.dev/documentation/webdriver/troubleshooting/errors#staleelementreferenceexception
Stacktrace:
0   chromedriver                        0x000000010354b99c cxxbridge1$str$ptr + 3160104
1   chromedriver                        0x0000000103543a28 cxxbridge1$str$ptr + 3127476
2   chromedriver                        0x0000000103017904 _RNvCskE0kXQ3GIWk_7___rustc35___rust_no_alloc_shim_is_unstable_v2 + 75036
3   chromedriver                        0x000000010301db34 _RNvCskE0kXQ3GIWk_7___rustc35___rust_no_alloc_shim_is_unstable_v2 + 100172
4   chromedriver                        0x000000010302006c _RNvCskE0kXQ3GIWk_7___rustc35___rust_no_alloc_shim_is_unstable_v2 + 109700
5   chromedriver                        0x000000010309f470 _RNvCskE0kXQ3GIWk_7___rustc35___rust_no_alloc_shim_is_unstable_v2 + 630920
6   chromedriver                        0x000000010309e4d4 _RNvCskE0kXQ3GIWk_7___rustc35___rust_no_alloc_shim_is_unstable_v2 + 626924
7   chromedriver                        0x00000001030551a0 _RNvCskE0kXQ3GIWk_7___rustc35___rust_no_alloc_shim_is_unstable_v2 + 327096
8   chromedriver                        0x000000010350a220 cxxbridge1$str$ptr + 2891948
9   chromedriver                        0x000000010350d910 cxxbridge1$str$ptr + 2906012
10  chromedriver                        0x00000001034ef5d8 cxxbridge1$str$ptr + 2782308
11  chromedriver                        0x000000010350e194 cxxbridge1$str$ptr + 2908192
12  chromedriver                        0x00000001034e0090 cxxbridge1$str$ptr + 2719516
13  chromedriver                        0x0000000103532b30 cxxbridge1$str$ptr + 3058108
14  chromedriver                        0x0000000103532cac cxxbridge1$str$ptr + 3058488
15  chromedriver                        0x0000000103543680 cxxbridge1$str$ptr + 3126540
16  libsystem_pthread.dylib             0x0000000189ac3c08 _pthread_start + 136
17  libsystem_pthread.dylib             0x0000000189abeba8 thread_start + 8

[2026-03-24T12:43:12.438510] Error processing business 12: Message: stale element reference: stale element not found in the current frame
  (Session info: chrome=146.0.7680.165); For documentation on this error, please visit: https://www.selenium.dev/documentation/webdriver/troubleshooting/errors#staleelementreferenceexception
Stacktrace:
0   chromedriver                        0x000000010354b99c cxxbridge1$str$ptr + 3160104
1   chromedriver                        0x0000000103543a28 cxxbridge1$str$ptr + 3127476
2   chromedriver                        0x0000000103017904 _RNvCskE0kXQ3GIWk_7___rustc35___rust_no_alloc_shim_is_unstable_v2 + 75036
3   chromedriver                        0x000000010301db34 _RNvCskE0kXQ3GIWk_7___rustc35___rust_no_alloc_shim_is_unstable_v2 + 100172
4   chromedriver                        0x000000010302006c _RNvCskE0kXQ3GIWk_7___rustc35___rust_no_alloc_shim_is_unstable_v2 + 109700
5   chromedriver                        0x000000010309f470 _RNvCskE0kXQ3GIWk_7___rustc35___rust_no_alloc_shim_is_unstable_v2 + 630920
6   chromedriver                        0x000000010309e4d4 _RNvCskE0kXQ3GIWk_7___rustc35___rust_no_alloc_shim_is_unstable_v2 + 626924
7   chromedriver                        0x00000001030551a0 _RNvCskE0kXQ3GIWk_7___rustc35___rust_no_alloc_shim_is_unstable_v2 + 327096
8   chromedriver                        0x000000010350a220 cxxbridge1$str$ptr + 2891948
9   chromedriver                        0x000000010350d910 cxxbridge1$str$ptr + 2906012
10  chromedriver                        0x00000001034ef5d8 cxxbridge1$str$ptr + 2782308
11  chromedriver                        0x000000010350e194 cxxbridge1$str$ptr + 2908192
12  chromedriver                        0x00000001034e0090 cxxbridge1$str$ptr + 2719516
13  chromedriver                        0x0000000103532b30 cxxbridge1$str$ptr + 3058108
14  chromedriver                        0x0000000103532cac cxxbridge1$str$ptr + 3058488
15  chromedriver                        0x0000000103543680 cxxbridge1$str$ptr + 3126540
16  libsystem_pthread.dylib             0x0000000189ac3c08 _pthread_start + 136
17  libsystem_pthread.dylib             0x0000000189abeba8 thread_start + 8

[2026-03-24T12:43:12.442010] Error processing business 13: Message: stale element reference: stale element not found in the current frame
  (Session info: chrome=146.0.7680.165); For documentation on this error, please visit: https://www.selenium.dev/documentation/webdriver/troubleshooting/errors#staleelementreferenceexception
Stacktrace:
0   chromedriver                        0x000000010354b99c cxxbridge1$str$ptr + 3160104
1   chromedriver                        0x0000000103543a28 cxxbridge1$str$ptr + 3127476
2   chromedriver                        0x0000000103017904 _RNvCskE0kXQ3GIWk_7___rustc35___rust_no_alloc_shim_is_unstable_v2 + 75036
3   chromedriver                        0x000000010301db34 _RNvCskE0kXQ3GIWk_7___rustc35___rust_no_alloc_shim_is_unstable_v2 + 100172
4   chromedriver                        0x000000010302006c _RNvCskE0kXQ3GIWk_7___rustc35___rust_no_alloc_shim_is_unstable_v2 + 109700
5   chromedriver                        0x000000010309f470 _RNvCskE0kXQ3GIWk_7___rustc35___rust_no_alloc_shim_is_unstable_v2 + 630920
6   chromedriver                        0x000000010309e4d4 _RNvCskE0kXQ3GIWk_7___rustc35___rust_no_alloc_shim_is_unstable_v2 + 626924
7   chromedriver                        0x00000001030551a0 _RNvCskE0kXQ3GIWk_7___rustc35___rust_no_alloc_shim_is_unstable_v2 + 327096
8   chromedriver                        0x000000010350a220 cxxbridge1$str$ptr + 2891948
9   chromedriver                        0x000000010350d910 cxxbridge1$str$ptr + 2906012
10  chromedriver                        0x00000001034ef5d8 cxxbridge1$str$ptr + 2782308
11  chromedriver                        0x000000010350e194 cxxbridge1$str$ptr + 2908192
12  chromedriver                        0x00000001034e0090 cxxbridge1$str$ptr + 2719516
13  chromedriver                        0x0000000103532b30 cxxbridge1$str$ptr + 3058108
14  chromedriver                        0x0000000103532cac cxxbridge1$str$ptr + 3058488
15  chromedriver                        0x0000000103543680 cxxbridge1$str$ptr + 3126540
16  libsystem_pthread.dylib             0x0000000189ac3c08 _pthread_start + 136
17  libsystem_pthread.dylib             0x0000000189abeba8 thread_start + 8

[2026-03-24T12:43:12.444873] Error processing business 14: Message: stale element reference: stale element not found in the current frame
  (Session info: chrome=146.0.7680.165); For documentation on this error, please visit: https://www.selenium.dev/documentation/webdriver/troubleshooting/errors#staleelementreferenceexception
Stacktrace:
0   chromedriver                        0x000000010354b99c cxxbridge1$str$ptr + 3160104
1   chromedriver                        0x0000000103543a28 cxxbridge1$str$ptr + 3127476
2   chromedriver                        0x0000000103017904 _RNvCskE0kXQ3GIWk_7___rustc35___rust_no_alloc_shim_is_unstable_v2 + 75036
3   chromedriver                        0x000000010301db34 _RNvCskE0kXQ3GIWk_7___rustc35___rust_no_alloc_shim_is_unstable_v2 + 100172
4   chromedriver                        0x000000010302006c _RNvCskE0kXQ3GIWk_7___rustc35___rust_no_alloc_shim_is_unstable_v2 + 109700
5   chromedriver                        0x000000010309f470 _RNvCskE0kXQ3GIWk_7___rustc35___rust_no_alloc_shim_is_unstable_v2 + 630920
6   chromedriver                        0x000000010309e4d4 _RNvCskE0kXQ3GIWk_7___rustc35___rust_no_alloc_shim_is_unstable_v2 + 626924
7   chromedriver                        0x00000001030551a0 _RNvCskE0kXQ3GIWk_7___rustc35___rust_no_alloc_shim_is_unstable_v2 + 327096
8   chromedriver                        0x000000010350a220 cxxbridge1$str$ptr + 2891948
9   chromedriver                        0x000000010350d910 cxxbridge1$str$ptr + 2906012
10  chromedriver                        0x00000001034ef5d8 cxxbridge1$str$ptr + 2782308
11  chromedriver                        0x000000010350e194 cxxbridge1$str$ptr + 2908192
12  chromedriver                        0x00000001034e0090 cxxbridge1$str$ptr + 2719516
13  chromedriver                        0x0000000103532b30 cxxbridge1$str$ptr + 3058108
14  chromedriver                        0x0000000103532cac cxxbridge1$str$ptr + 3058488
15  chromedriver                        0x0000000103543680 cxxbridge1$str$ptr + 3126540
16  libsystem_pthread.dylib             0x0000000189ac3c08 _pthread_start + 136
17  libsystem_pthread.dylib             0x0000000189abeba8 thread_start + 8

[2026-03-24T12:43:12.446262] ⏳ Waiting 13.0s before next search...
[2026-03-24T12:43:25.591116] Searching: property management companies in Apex, NC
[2026-03-24T12:43:46.085916] Found 30 business listings
[2026-03-24T12:43:48.324399] ✓ Extracted: Element Property Management (info@raleighdurhamrentals.com)
[2026-03-24T12:43:50.174637] Error processing business 1: Message: stale element reference: stale element not found in the current frame
  (Session info: chrome=146.0.7680.165); For documentation on this error, please visit: https://www.selenium.dev/documentation/webdriver/troubleshooting/errors#staleelementreferenceexception
Stacktrace:
0   chromedriver                        0x000000010354b99c cxxbridge1$str$ptr + 3160104
1   chromedriver                        0x0000000103543a28 cxxbridge1$str$ptr + 3127476
2   chromedriver                        0x0000000103017904 _RNvCskE0kXQ3GIWk_7___rustc35___rust_no_alloc_shim_is_unstable_v2 + 75036
3   chromedriver                        0x000000010301db34 _RNvCskE0kXQ3GIWk_7___rustc35___rust_no_alloc_shim_is_unstable_v2 + 100172
4   chromedriver                        0x000000010302006c _RNvCskE0kXQ3GIWk_7___rustc35___rust_no_alloc_shim_is_unstable_v2 + 109700
5   chromedriver                        0x000000010309f470 _RNvCskE0kXQ3GIWk_7___rustc35___rust_no_alloc_shim_is_unstable_v2 + 630920
6   chromedriver                        0x000000010309e4d4 _RNvCskE0kXQ3GIWk_7___rustc35___rust_no_alloc_shim_is_unstable_v2 + 626924
7   chromedriver                        0x00000001030551a0 _RNvCskE0kXQ3GIWk_7___rustc35___rust_no_alloc_shim_is_unstable_v2 + 327096
8   chromedriver                        0x000000010350a220 cxxbridge1$str$ptr + 2891948
9   chromedriver                        0x000000010350d910 cxxbridge1$str$ptr + 2906012
10  chromedriver                        0x00000001034ef5d8 cxxbridge1$str$ptr + 2782308
11  chromedriver                        0x000000010350e194 cxxbridge1$str$ptr + 2908192
12  chromedriver                        0x00000001034e0090 cxxbridge1$str$ptr + 2719516
13  chromedriver                        0x0000000103532b30 cxxbridge1$str$ptr + 3058108
14  chromedriver                        0x0000000103532cac cxxbridge1$str$ptr + 3058488
15  chromedriver                        0x0000000103543680 cxxbridge1$str$ptr + 3126540
16  libsystem_pthread.dylib             0x0000000189ac3c08 _pthread_start + 136
17  libsystem_pthread.dylib             0x0000000189abeba8 thread_start + 8

[2026-03-24T12:43:50.181741] Error processing business 2: Message: stale element reference: stale element not found in the current frame
  (Session info: chrome=146.0.7680.165); For documentation on this error, please visit: https://www.selenium.dev/documentation/webdriver/troubleshooting/errors#staleelementreferenceexception
Stacktrace:
0   chromedriver                        0x000000010354b99c cxxbridge1$str$ptr + 3160104
1   chromedriver                        0x0000000103543a28 cxxbridge1$str$ptr + 3127476
2   chromedriver                        0x0000000103017904 _RNvCskE0kXQ3GIWk_7___rustc35___rust_no_alloc_shim_is_unstable_v2 + 75036
3   chromedriver                        0x000000010301db34 _RNvCskE0kXQ3GIWk_7___rustc35___rust_no_alloc_shim_is_unstable_v2 + 100172
4   chromedriver                        0x000000010302006c _RNvCskE0kXQ3GIWk_7___rustc35___rust_no_alloc_shim_is_unstable_v2 + 109700
5   chromedriver                        0x000000010309f470 _RNvCskE0kXQ3GIWk_7___rustc35___rust_no_alloc_shim_is_unstable_v2 + 630920
6   chromedriver                        0x000000010309e4d4 _RNvCskE0kXQ3GIWk_7___rustc35___rust_no_alloc_shim_is_unstable_v2 + 626924
7   chromedriver                        0x00000001030551a0 _RNvCskE0kXQ3GIWk_7___rustc35___rust_no_alloc_shim_is_unstable_v2 + 327096
8   chromedriver                        0x000000010350a220 cxxbridge1$str$ptr + 2891948
9   chromedriver                        0x000000010350d910 cxxbridge1$str$ptr + 2906012
10  chromedriver                        0x00000001034ef5d8 cxxbridge1$str$ptr + 2782308
11  chromedriver                        0x000000010350e194 cxxbridge1$str$ptr + 2908192
12  chromedriver                        0x00000001034e0090 cxxbridge1$str$ptr + 2719516
13  chromedriver                        0x0000000103532b30 cxxbridge1$str$ptr + 3058108
14  chromedriver                        0x0000000103532cac cxxbridge1$str$ptr + 3058488
15  chromedriver                        0x0000000103543680 cxxbridge1$str$ptr + 3126540
16  libsystem_pthread.dylib             0x0000000189ac3c08 _pthread_start + 136
17  libsystem_pthread.dylib             0x0000000189abeba8 thread_start + 8

[2026-03-24T12:43:50.187598] Error processing business 3: Message: stale element reference: stale element not found in the current frame
  (Session info: chrome=146.0.7680.165); For documentation on this error, please visit: https://www.selenium.dev/documentation/webdriver/troubleshooting/errors#staleelementreferenceexception
Stacktrace:
0   chromedriver                        0x000000010354b99c cxxbridge1$str$ptr + 3160104
1   chromedriver                        0x0000000103543a28 cxxbridge1$str$ptr + 3127476
2   chromedriver                        0x0000000103017904 _RNvCskE0kXQ3GIWk_7___rustc35___rust_no_alloc_shim_is_unstable_v2 + 75036
3   chromedriver                        0x000000010301db34 _RNvCskE0kXQ3GIWk_7___rustc35___rust_no_alloc_shim_is_unstable_v2 + 100172
4   chromedriver                        0x000000010302006c _RNvCskE0kXQ3GIWk_7___rustc35___rust_no_alloc_shim_is_unstable_v2 + 109700
5   chromedriver                        0x000000010309f470 _RNvCskE0kXQ3GIWk_7___rustc35___rust_no_alloc_shim_is_unstable_v2 + 630920
6   chromedriver                        0x000000010309e4d4 _RNvCskE0kXQ3GIWk_7___rustc35___rust_no_alloc_shim_is_unstable_v2 + 626924
7   chromedriver                        0x00000001030551a0 _RNvCskE0kXQ3GIWk_7___rustc35___rust_no_alloc_shim_is_unstable_v2 + 327096
8   chromedriver                        0x000000010350a220 cxxbridge1$str$ptr + 2891948
9   chromedriver                        0x000000010350d910 cxxbridge1$str$ptr + 2906012
10  chromedriver                        0x00000001034ef5d8 cxxbridge1$str$ptr + 2782308
11  chromedriver                        0x000000010350e194 cxxbridge1$str$ptr + 2908192
12  chromedriver                        0x00000001034e0090 cxxbridge1$str$ptr + 2719516
13  chromedriver                        0x0000000103532b30 cxxbridge1$str$ptr + 3058108
14  chromedriver                        0x0000000103532cac cxxbridge1$str$ptr + 3058488
15  chromedriver                        0x0000000103543680 cxxbridge1$str$ptr + 3126540
16  libsystem_pthread.dylib             0x0000000189ac3c08 _pthread_start + 136
17  libsystem_pthread.dylib             0x0000000189abeba8 thread_start + 8

[2026-03-24T12:43:50.193258] Error processing business 4: Message: stale element reference: stale element not found in the current frame
  (Session info: chrome=146.0.7680.165); For documentation on this error, please visit: https://www.selenium.dev/documentation/webdriver/troubleshooting/errors#staleelementreferenceexception
Stacktrace:
0   chromedriver                        0x000000010354b99c cxxbridge1$str$ptr + 3160104
1   chromedriver                        0x0000000103543a28 cxxbridge1$str$ptr + 3127476
2   chromedriver                        0x0000000103017904 _RNvCskE0kXQ3GIWk_7___rustc35___rust_no_alloc_shim_is_unstable_v2 + 75036
3   chromedriver                        0x000000010301db34 _RNvCskE0kXQ3GIWk_7___rustc35___rust_no_alloc_shim_is_unstable_v2 + 100172
4   chromedriver                        0x000000010302006c _RNvCskE0kXQ3GIWk_7___rustc35___rust_no_alloc_shim_is_unstable_v2 + 109700
5   chromedriver                        0x000000010309f470 _RNvCskE0kXQ3GIWk_7___rustc35___rust_no_alloc_shim_is_unstable_v2 + 630920
6   chromedriver                        0x000000010309e4d4 _RNvCskE0kXQ3GIWk_7___rustc35___rust_no_alloc_shim_is_unstable_v2 + 626924
7   chromedriver                        0x00000001030551a0 _RNvCskE0kXQ3GIWk_7___rustc35___rust_no_alloc_shim_is_unstable_v2 + 327096
8   chromedriver                        0x000000010350a220 cxxbridge1$str$ptr + 2891948
9   chromedriver                        0x000000010350d910 cxxbridge1$str$ptr + 2906012
10  chromedriver                        0x00000001034ef5d8 cxxbridge1$str$ptr + 2782308
11  chromedriver                        0x000000010350e194 cxxbridge1$str$ptr + 2908192
12  chromedriver                        0x00000001034e0090 cxxbridge1$str$ptr + 2719516
13  chromedriver                        0x0000000103532b30 cxxbridge1$str$ptr + 3058108
14  chromedriver                        0x0000000103532cac cxxbridge1$str$ptr + 3058488
15  chromedriver                        0x0000000103543680 cxxbridge1$str$ptr + 3126540
16  libsystem_pthread.dylib             0x0000000189ac3c08 _pthread_start + 136
17  libsystem_pthread.dylib             0x0000000189abeba8 thread_start + 8

[2026-03-24T12:43:50.198359] Error processing business 5: Message: stale element reference: stale element not found in the current frame
  (Session info: chrome=146.0.7680.165); For documentation on this error, please visit: https://www.selenium.dev/documentation/webdriver/troubleshooting/errors#staleelementreferenceexception
Stacktrace:
0   chromedriver                        0x000000010354b99c cxxbridge1$str$ptr + 3160104
1   chromedriver                        0x0000000103543a28 cxxbridge1$str$ptr + 3127476
2   chromedriver                        0x0000000103017904 _RNvCskE0kXQ3GIWk_7___rustc35___rust_no_alloc_shim_is_unstable_v2 + 75036
3   chromedriver                        0x000000010301db34 _RNvCskE0kXQ3GIWk_7___rustc35___rust_no_alloc_shim_is_unstable_v2 + 100172
4   chromedriver                        0x000000010302006c _RNvCskE0kXQ3GIWk_7___rustc35___rust_no_alloc_shim_is_unstable_v2 + 109700
5   chromedriver                        0x000000010309f470 _RNvCskE0kXQ3GIWk_7___rustc35___rust_no_alloc_shim_is_unstable_v2 + 630920
6   chromedriver                        0x000000010309e4d4 _RNvCskE0kXQ3GIWk_7___rustc35___rust_no_alloc_shim_is_unstable_v2 + 626924
7   chromedriver                        0x00000001030551a0 _RNvCskE0kXQ3GIWk_7___rustc35___rust_no_alloc_shim_is_unstable_v2 + 327096
8   chromedriver                        0x000000010350a220 cxxbridge1$str$ptr + 2891948
9   chromedriver                        0x000000010350d910 cxxbridge1$str$ptr + 2906012
10  chromedriver                        0x00000001034ef5d8 cxxbridge1$str$ptr + 2782308
11  chromedriver                        0x000000010350e194 cxxbridge1$str$ptr + 2908192
12  chromedriver                        0x00000001034e0090 cxxbridge1$str$ptr + 2719516
13  chromedriver                        0x0000000103532b30 cxxbridge1$str$ptr + 3058108
14  chromedriver                        0x0000000103532cac cxxbridge1$str$ptr + 3058488
15  chromedriver                        0x0000000103543680 cxxbridge1$str$ptr + 3126540
16  libsystem_pthread.dylib             0x0000000189ac3c08 _pthread_start + 136
17  libsystem_pthread.dylib             0x0000000189abeba8 thread_start + 8

[2026-03-24T12:43:50.202701] Error processing business 6: Message: stale element reference: stale element not found in the current frame
  (Session info: chrome=146.0.7680.165); For documentation on this error, please visit: https://www.selenium.dev/documentation/webdriver/troubleshooting/errors#staleelementreferenceexception
Stacktrace:
0   chromedriver                        0x000000010354b99c cxxbridge1$str$ptr + 3160104
1   chromedriver                        0x0000000103543a28 cxxbridge1$str$ptr + 3127476
2   chromedriver                        0x0000000103017904 _RNvCskE0kXQ3GIWk_7___rustc35___rust_no_alloc_shim_is_unstable_v2 + 75036
3   chromedriver                        0x000000010301db34 _RNvCskE0kXQ3GIWk_7___rustc35___rust_no_alloc_shim_is_unstable_v2 + 100172
4   chromedriver                        0x000000010302006c _RNvCskE0kXQ3GIWk_7___rustc35___rust_no_alloc_shim_is_unstable_v2 + 109700
5   chromedriver                        0x000000010309f470 _RNvCskE0kXQ3GIWk_7___rustc35___rust_no_alloc_shim_is_unstable_v2 + 630920
6   chromedriver                        0x000000010309e4d4 _RNvCskE0kXQ3GIWk_7___rustc35___rust_no_alloc_shim_is_unstable_v2 + 626924
7   chromedriver                        0x00000001030551a0 _RNvCskE0kXQ3GIWk_7___rustc35___rust_no_alloc_shim_is_unstable_v2 + 327096
8   chromedriver                        0x000000010350a220 cxxbridge1$str$ptr + 2891948
9   chromedriver                        0x000000010350d910 cxxbridge1$str$ptr + 2906012
10  chromedriver                        0x00000001034ef5d8 cxxbridge1$str$ptr + 2782308
11  chromedriver                        0x000000010350e194 cxxbridge1$str$ptr + 2908192
12  chromedriver                        0x00000001034e0090 cxxbridge1$str$ptr + 2719516
13  chromedriver                        0x0000000103532b30 cxxbridge1$str$ptr + 3058108
14  chromedriver                        0x0000000103532cac cxxbridge1$str$ptr + 3058488
15  chromedriver                        0x0000000103543680 cxxbridge1$str$ptr + 3126540
16  libsystem_pthread.dylib             0x0000000189ac3c08 _pthread_start + 136
17  libsystem_pthread.dylib             0x0000000189abeba8 thread_start + 8

[2026-03-24T12:43:50.206891] Error processing business 7: Message: stale element reference: stale element not found in the current frame
  (Session info: chrome=146.0.7680.165); For documentation on this error, please visit: https://www.selenium.dev/documentation/webdriver/troubleshooting/errors#staleelementreferenceexception
Stacktrace:
0   chromedriver                        0x000000010354b99c cxxbridge1$str$ptr + 3160104
1   chromedriver                        0x0000000103543a28 cxxbridge1$str$ptr + 3127476
2   chromedriver                        0x0000000103017904 _RNvCskE0kXQ3GIWk_7___rustc35___rust_no_alloc_shim_is_unstable_v2 + 75036
3   chromedriver                        0x000000010301db34 _RNvCskE0kXQ3GIWk_7___rustc35___rust_no_alloc_shim_is_unstable_v2 + 100172
4   chromedriver                        0x000000010302006c _RNvCskE0kXQ3GIWk_7___rustc35___rust_no_alloc_shim_is_unstable_v2 + 109700
5   chromedriver                        0x000000010309f470 _RNvCskE0kXQ3GIWk_7___rustc35___rust_no_alloc_shim_is_unstable_v2 + 630920
6   chromedriver                        0x000000010309e4d4 _RNvCskE0kXQ3GIWk_7___rustc35___rust_no_alloc_shim_is_unstable_v2 + 626924
7   chromedriver                        0x00000001030551a0 _RNvCskE0kXQ3GIWk_7___rustc35___rust_no_alloc_shim_is_unstable_v2 + 327096
8   chromedriver                        0x000000010350a220 cxxbridge1$str$ptr + 2891948
9   chromedriver                        0x000000010350d910 cxxbridge1$str$ptr + 2906012
10  chromedriver                        0x00000001034ef5d8 cxxbridge1$str$ptr + 2782308
11  chromedriver                        0x000000010350e194 cxxbridge1$str$ptr + 2908192
12  chromedriver                        0x00000001034e0090 cxxbridge1$str$ptr + 2719516
13  chromedriver                        0x0000000103532b30 cxxbridge1$str$ptr + 3058108
14  chromedriver                        0x0000000103532cac cxxbridge1$str$ptr + 3058488
15  chromedriver                        0x0000000103543680 cxxbridge1$str$ptr + 3126540
16  libsystem_pthread.dylib             0x0000000189ac3c08 _pthread_start + 136
17  libsystem_pthread.dylib             0x0000000189abeba8 thread_start + 8

[2026-03-24T12:43:50.210445] Error processing business 8: Message: stale element reference: stale element not found in the current frame
  (Session info: chrome=146.0.7680.165); For documentation on this error, please visit: https://www.selenium.dev/documentation/webdriver/troubleshooting/errors#staleelementreferenceexception
Stacktrace:
0   chromedriver                        0x000000010354b99c cxxbridge1$str$ptr + 3160104
1   chromedriver                        0x0000000103543a28 cxxbridge1$str$ptr + 3127476
2   chromedriver                        0x0000000103017904 _RNvCskE0kXQ3GIWk_7___rustc35___rust_no_alloc_shim_is_unstable_v2 + 75036
3   chromedriver                        0x000000010301db34 _RNvCskE0kXQ3GIWk_7___rustc35___rust_no_alloc_shim_is_unstable_v2 + 100172
4   chromedriver                        0x000000010302006c _RNvCskE0kXQ3GIWk_7___rustc35___rust_no_alloc_shim_is_unstable_v2 + 109700
5   chromedriver                        0x000000010309f470 _RNvCskE0kXQ3GIWk_7___rustc35___rust_no_alloc_shim_is_unstable_v2 + 630920
6   chromedriver                        0x000000010309e4d4 _RNvCskE0kXQ3GIWk_7___rustc35___rust_no_alloc_shim_is_unstable_v2 + 626924
7   chromedriver                        0x00000001030551a0 _RNvCskE0kXQ3GIWk_7___rustc35___rust_no_alloc_shim_is_unstable_v2 + 327096
8   chromedriver                        0x000000010350a220 cxxbridge1$str$ptr + 2891948
9   chromedriver                        0x000000010350d910 cxxbridge1$str$ptr + 2906012
10  chromedriver                        0x00000001034ef5d8 cxxbridge1$str$ptr + 2782308
11  chromedriver                        0x000000010350e194 cxxbridge1$str$ptr + 2908192
12  chromedriver                        0x00000001034e0090 cxxbridge1$str$ptr + 2719516
13  chromedriver                        0x0000000103532b30 cxxbridge1$str$ptr + 3058108
14  chromedriver                        0x0000000103532cac cxxbridge1$str$ptr + 3058488
15  chromedriver                        0x0000000103543680 cxxbridge1$str$ptr + 3126540
16  libsystem_pthread.dylib             0x0000000189ac3c08 _pthread_start + 136
17  libsystem_pthread.dylib             0x0000000189abeba8 thread_start + 8

[2026-03-24T12:43:50.213907] Error processing business 9: Message: stale element reference: stale element not found in the current frame
  (Session info: chrome=146.0.7680.165); For documentation on this error, please visit: https://www.selenium.dev/documentation/webdriver/troubleshooting/errors#staleelementreferenceexception
Stacktrace:
0   chromedriver                        0x000000010354b99c cxxbridge1$str$ptr + 3160104
1   chromedriver                        0x0000000103543a28 cxxbridge1$str$ptr + 3127476
2   chromedriver                        0x0000000103017904 _RNvCskE0kXQ3GIWk_7___rustc35___rust_no_alloc_shim_is_unstable_v2 + 75036
3   chromedriver                        0x000000010301db34 _RNvCskE0kXQ3GIWk_7___rustc35___rust_no_alloc_shim_is_unstable_v2 + 100172
4   chromedriver                        0x000000010302006c _RNvCskE0kXQ3GIWk_7___rustc35___rust_no_alloc_shim_is_unstable_v2 + 109700
5   chromedriver                        0x000000010309f470 _RNvCskE0kXQ3GIWk_7___rustc35___rust_no_alloc_shim_is_unstable_v2 + 630920
6   chromedriver                        0x000000010309e4d4 _RNvCskE0kXQ3GIWk_7___rustc35___rust_no_alloc_shim_is_unstable_v2 + 626924
7   chromedriver                        0x00000001030551a0 _RNvCskE0kXQ3GIWk_7___rustc35___rust_no_alloc_shim_is_unstable_v2 + 327096
8   chromedriver                        0x000000010350a220 cxxbridge1$str$ptr + 2891948
9   chromedriver                        0x000000010350d910 cxxbridge1$str$ptr + 2906012
10  chromedriver                        0x00000001034ef5d8 cxxbridge1$str$ptr + 2782308
11  chromedriver                        0x000000010350e194 cxxbridge1$str$ptr + 2908192
12  chromedriver                        0x00000001034e0090 cxxbridge1$str$ptr + 2719516
13  chromedriver                        0x0000000103532b30 cxxbridge1$str$ptr + 3058108
14  chromedriver                        0x0000000103532cac cxxbridge1$str$ptr + 3058488
15  chromedriver                        0x0000000103543680 cxxbridge1$str$ptr + 3126540
16  libsystem_pthread.dylib             0x0000000189ac3c08 _pthread_start + 136
17  libsystem_pthread.dylib             0x0000000189abeba8 thread_start + 8

[2026-03-24T12:43:50.217642] Error processing business 10: Message: stale element reference: stale element not found in the current frame
  (Session info: chrome=146.0.7680.165); For documentation on this error, please visit: https://www.selenium.dev/documentation/webdriver/troubleshooting/errors#staleelementreferenceexception
Stacktrace:
0   chromedriver                        0x000000010354b99c cxxbridge1$str$ptr + 3160104
1   chromedriver                        0x0000000103543a28 cxxbridge1$str$ptr + 3127476
2   chromedriver                        0x0000000103017904 _RNvCskE0kXQ3GIWk_7___rustc35___rust_no_alloc_shim_is_unstable_v2 + 75036
3   chromedriver                        0x000000010301db34 _RNvCskE0kXQ3GIWk_7___rustc35___rust_no_alloc_shim_is_unstable_v2 + 100172
4   chromedriver                        0x000000010302006c _RNvCskE0kXQ3GIWk_7___rustc35___rust_no_alloc_shim_is_unstable_v2 + 109700
5   chromedriver                        0x000000010309f470 _RNvCskE0kXQ3GIWk_7___rustc35___rust_no_alloc_shim_is_unstable_v2 + 630920
6   chromedriver                        0x000000010309e4d4 _RNvCskE0kXQ3GIWk_7___rustc35___rust_no_alloc_shim_is_unstable_v2 + 626924
7   chromedriver                        0x00000001030551a0 _RNvCskE0kXQ3GIWk_7___rustc35___rust_no_alloc_shim_is_unstable_v2 + 327096
8   chromedriver                        0x000000010350a220 cxxbridge1$str$ptr + 2891948
9   chromedriver                        0x000000010350d910 cxxbridge1$str$ptr + 2906012
10  chromedriver                        0x00000001034ef5d8 cxxbridge1$str$ptr + 2782308
11  chromedriver                        0x000000010350e194 cxxbridge1$str$ptr + 2908192
12  chromedriver                        0x00000001034e0090 cxxbridge1$str$ptr + 2719516
13  chromedriver                        0x0000000103532b30 cxxbridge1$str$ptr + 3058108
14  chromedriver                        0x0000000103532cac cxxbridge1$str$ptr + 3058488
15  chromedriver                        0x0000000103543680 cxxbridge1$str$ptr + 3126540
16  libsystem_pthread.dylib             0x0000000189ac3c08 _pthread_start + 136
17  libsystem_pthread.dylib             0x0000000189abeba8 thread_start + 8

[2026-03-24T12:43:50.220925] Error processing business 11: Message: stale element reference: stale element not found in the current frame
  (Session info: chrome=146.0.7680.165); For documentation on this error, please visit: https://www.selenium.dev/documentation/webdriver/troubleshooting/errors#staleelementreferenceexception
Stacktrace:
0   chromedriver                        0x000000010354b99c cxxbridge1$str$ptr + 3160104
1   chromedriver                        0x0000000103543a28 cxxbridge1$str$ptr + 3127476
2   chromedriver                        0x0000000103017904 _RNvCskE0kXQ3GIWk_7___rustc35___rust_no_alloc_shim_is_unstable_v2 + 75036
3   chromedriver                        0x000000010301db34 _RNvCskE0kXQ3GIWk_7___rustc35___rust_no_alloc_shim_is_unstable_v2 + 100172
4   chromedriver                        0x000000010302006c _RNvCskE0kXQ3GIWk_7___rustc35___rust_no_alloc_shim_is_unstable_v2 + 109700
5   chromedriver                        0x000000010309f470 _RNvCskE0kXQ3GIWk_7___rustc35___rust_no_alloc_shim_is_unstable_v2 + 630920
6   chromedriver                        0x000000010309e4d4 _RNvCskE0kXQ3GIWk_7___rustc35___rust_no_alloc_shim_is_unstable_v2 + 626924
7   chromedriver                        0x00000001030551a0 _RNvCskE0kXQ3GIWk_7___rustc35___rust_no_alloc_shim_is_unstable_v2 + 327096
8   chromedriver                        0x000000010350a220 cxxbridge1$str$ptr + 2891948
9   chromedriver                        0x000000010350d910 cxxbridge1$str$ptr + 2906012
10  chromedriver                        0x00000001034ef5d8 cxxbridge1$str$ptr + 2782308
11  chromedriver                        0x000000010350e194 cxxbridge1$str$ptr + 2908192
12  chromedriver                        0x00000001034e0090 cxxbridge1$str$ptr + 2719516
13  chromedriver                        0x0000000103532b30 cxxbridge1$str$ptr + 3058108
14  chromedriver                        0x0000000103532cac cxxbridge1$str$ptr + 3058488
15  chromedriver                        0x0000000103543680 cxxbridge1$str$ptr + 3126540
16  libsystem_pthread.dylib             0x0000000189ac3c08 _pthread_start + 136
17  libsystem_pthread.dylib             0x0000000189abeba8 thread_start + 8

[2026-03-24T12:43:50.224234] Error processing business 12: Message: stale element reference: stale element not found in the current frame
  (Session info: chrome=146.0.7680.165); For documentation on this error, please visit: https://www.selenium.dev/documentation/webdriver/troubleshooting/errors#staleelementreferenceexception
Stacktrace:
0   chromedriver                        0x000000010354b99c cxxbridge1$str$ptr + 3160104
1   chromedriver                        0x0000000103543a28 cxxbridge1$str$ptr + 3127476
2   chromedriver                        0x0000000103017904 _RNvCskE0kXQ3GIWk_7___rustc35___rust_no_alloc_shim_is_unstable_v2 + 75036
3   chromedriver                        0x000000010301db34 _RNvCskE0kXQ3GIWk_7___rustc35___rust_no_alloc_shim_is_unstable_v2 + 100172
4   chromedriver                        0x000000010302006c _RNvCskE0kXQ3GIWk_7___rustc35___rust_no_alloc_shim_is_unstable_v2 + 109700
5   chromedriver                        0x000000010309f470 _RNvCskE0kXQ3GIWk_7___rustc35___rust_no_alloc_shim_is_unstable_v2 + 630920
6   chromedriver                        0x000000010309e4d4 _RNvCskE0kXQ3GIWk_7___rustc35___rust_no_alloc_shim_is_unstable_v2 + 626924
7   chromedriver                        0x00000001030551a0 _RNvCskE0kXQ3GIWk_7___rustc35___rust_no_alloc_shim_is_unstable_v2 + 327096
8   chromedriver                        0x000000010350a220 cxxbridge1$str$ptr + 2891948
9   chromedriver                        0x000000010350d910 cxxbridge1$str$ptr + 2906012
10  chromedriver                        0x00000001034ef5d8 cxxbridge1$str$ptr + 2782308
11  chromedriver                        0x000000010350e194 cxxbridge1$str$ptr + 2908192
12  chromedriver                        0x00000001034e0090 cxxbridge1$str$ptr + 2719516
13  chromedriver                        0x0000000103532b30 cxxbridge1$str$ptr + 3058108
14  chromedriver                        0x0000000103532cac cxxbridge1$str$ptr + 3058488
15  chromedriver                        0x0000000103543680 cxxbridge1$str$ptr + 3126540
16  libsystem_pthread.dylib             0x0000000189ac3c08 _pthread_start + 136
17  libsystem_pthread.dylib             0x0000000189abeba8 thread_start + 8

[2026-03-24T12:43:50.227319] Error processing business 13: Message: stale element reference: stale element not found in the current frame
  (Session info: chrome=146.0.7680.165); For documentation on this error, please visit: https://www.selenium.dev/documentation/webdriver/troubleshooting/errors#staleelementreferenceexception
Stacktrace:
0   chromedriver                        0x000000010354b99c cxxbridge1$str$ptr + 3160104
1   chromedriver                        0x0000000103543a28 cxxbridge1$str$ptr + 3127476
2   chromedriver                        0x0000000103017904 _RNvCskE0kXQ3GIWk_7___rustc35___rust_no_alloc_shim_is_unstable_v2 + 75036
3   chromedriver                        0x000000010301db34 _RNvCskE0kXQ3GIWk_7___rustc35___rust_no_alloc_shim_is_unstable_v2 + 100172
4   chromedriver                        0x000000010302006c _RNvCskE0kXQ3GIWk_7___rustc35___rust_no_alloc_shim_is_unstable_v2 + 109700
5   chromedriver                        0x000000010309f470 _RNvCskE0kXQ3GIWk_7___rustc35___rust_no_alloc_shim_is_unstable_v2 + 630920
6   chromedriver                        0x000000010309e4d4 _RNvCskE0kXQ3GIWk_7___rustc35___rust_no_alloc_shim_is_unstable_v2 + 626924
7   chromedriver                        0x00000001030551a0 _RNvCskE0kXQ3GIWk_7___rustc35___rust_no_alloc_shim_is_unstable_v2 + 327096
8   chromedriver                        0x000000010350a220 cxxbridge1$str$ptr + 2891948
9   chromedriver                        0x000000010350d910 cxxbridge1$str$ptr + 2906012
10  chromedriver                        0x00000001034ef5d8 cxxbridge1$str$ptr + 2782308
11  chromedriver                        0x000000010350e194 cxxbridge1$str$ptr + 2908192
12  chromedriver                        0x00000001034e0090 cxxbridge1$str$ptr + 2719516
13  chromedriver                        0x0000000103532b30 cxxbridge1$str$ptr + 3058108
14  chromedriver                        0x0000000103532cac cxxbridge1$str$ptr + 3058488
15  chromedriver                        0x0000000103543680 cxxbridge1$str$ptr + 3126540
16  libsystem_pthread.dylib             0x0000000189ac3c08 _pthread_start + 136
17  libsystem_pthread.dylib             0x0000000189abeba8 thread_start + 8

